<file_name>,<class>
7644feda-8024-48a4-abc7-7dc6a1638630.jpg,1
372dfacd-3089-4317-abff-cd157d3977c0.jpg,0
948c2dd0-1c1f-40f8-b29e-47b342cfe1d7.jpg,0
d1ff8b1d-d9b1-420b-86d3-63f3bbf55473.jpg,0
f0812f86-2154-4d09-82a2-c0ce0451c304.jpg,0
9e767cf5-8f99-42d3-991c-76a1ae236391.jpg,0
ad878671-3580-45bd-b859-1ecbf4e17c62.jpg,1
b005b803-804b-421f-9eda-6fed77f98ff6.jpg,1
2bb113ca-77d7-40dd-8bd0-7698876d94ec.jpg,1
ac109bec-77fc-4a74-bc1a-5f5e5a34a10b.jpg,1
05dcca49-cb61-476b-923b-5de24bf6815b.jpg,1
724fc120-933f-4c17-ac3a-5454376c0b77.jpg,0
2ecfe82e-03a2-40d2-9c24-10da3f9570e4.jpg,0
9feb538e-3aa1-474c-8beb-c0d35504847e.jpg,0
3a8c27c0-aea7-47ab-be4b-9cb3845e1380.jpg,0
9a68a787-cfd5-4fe5-831a-2a7384639d9d.jpg,1
5e1ea6d4-426a-4b4f-9c81-63654fea670c.jpg,0
0ce100ac-c8aa-4899-885b-169bd0949ef2.jpg,1
e3dc0b59-79c3-4a59-b11a-a75c14c8cd72.jpg,1
0c65eb7f-a681-4670-baef-7ab0a8c6102d.jpg,0
0cd02c2f-cc91-42d8-bfe7-0ccac216879f.jpg,1
bafcc6b2-5ecb-4a3b-8bb4-2f9d5bd59f0b.jpg,0
ebfcb462-782e-4f91-b395-05c0044cc528.jpg,0
6cfe27a1-27fc-4ab0-b692-d192f2e0eff7.jpg,1
ff486193-4fab-4c51-a686-73033d71439a.jpg,0
ab7f4ecf-86bc-4133-94bd-c34448056975.jpg,0
d8b35218-0fdd-4cca-b0dd-8cb87ef3b412.jpg,0
4c22d037-2aa5-48fc-98a9-51f28f1bb18d.jpg,0
af1fc4c0-83c2-409e-b4ad-a2194fba5cb5.jpg,1
a16ca80f-b04c-4359-93d7-c1a872f5f9f5.jpg,1
3c4697a2-abdd-45d7-a499-7844af11cbab.jpg,0
68c07931-5454-4fe9-bc9a-3b05dcaa7749.jpg,0
ba0b144a-8a7e-41a0-8965-4424bbaa3e01.jpg,1
21a1ece8-0e38-4771-a85b-7e3745373f08.jpg,0
30f8234c-0ef6-4152-83e6-20e794878072.jpg,1
89a68fd0-6318-444c-8d9c-1ec93862d15d.jpg,0
a03cdc2b-d37c-498f-a154-ac9eeac51085.jpg,1
d7b0b00f-8b65-44cd-9926-edb84f8010c2.jpg,1
e2386de6-1bb8-4a4f-ac7b-3f5b6c5ad716.jpg,0
3df5347a-4180-4f1c-b867-20a0cf978e4b.jpg,1
6df14980-88da-4372-aa11-9594ceb03b6e.jpg,0
7c050679-ee3d-4b75-9fb5-b99750fc0747.jpg,0
e73204c2-26bd-413c-a1d5-fafb0cbf041f.jpg,0
3cd38894-1d5e-45b5-9d09-1afd33e74036.jpg,1
46bdb84a-f810-4842-84e5-98a6cfc6d9d0.jpg,1
8edba746-44fa-4190-ac6b-4e72f68b34fc.jpg,0
07462fbd-d154-47f5-9176-1c97e32a26ec.jpg,1
c36e1072-13c8-4fbb-a07c-685815485857.jpg,0
44965df5-3ec3-4102-822e-25328d25d7f9.jpg,0
55ef4cf1-8858-42fa-99d6-52896d4d8d9c.jpg,1
089635eb-9e39-4939-8c0f-413712cca91f.jpg,1
4bb53541-b171-4a34-8006-a96303c1707d.jpg,1
1f1907a9-3811-4f8d-90e5-253835db2422.jpg,0
525caf97-781d-4fc1-84c6-01c07d7e73b5.jpg,1
0350d9a8-89d3-4182-b5c4-a3f989e25567.jpg,1
874e8d8a-7706-41aa-a725-6400edb41722.jpg,1
593964f7-f53d-4e77-b354-6b3aeba9ab59.jpg,1
687f3b08-5704-4bb7-aa35-b9b2d9fbf76e.jpg,0
21342eca-1900-42a9-a278-0acc5776b362.jpg,1
3683eee6-6e51-4e86-b08b-b2382653084c.jpg,1
f7aca5f9-c022-4f1d-821f-4e5eb974269d.jpg,0
b2049273-fc7c-4a7e-be31-47448cb977d8.jpg,1
d4f4d6ca-da10-41f3-bb8f-c4c9e7a4f8ef.jpg,0
773e0e46-6e55-4df6-85e9-faafb9934700.jpg,1
9fc8c859-ca94-4ff2-beb6-7e1c38a457ce.jpg,1
b24f5122-af65-45d4-8449-aa9dcad46ed4.jpg,0
b7e1d650-0793-4020-b16c-b63948584e87.jpg,0
011df777-7ff9-4f00-bf11-3aa930884c5f.jpg,1
a5bb43ac-6799-4403-be48-56500aace159.jpg,0
9a788a62-2c34-4914-8d42-69ac2f10e165.jpg,0
2b104405-6923-4319-9fb3-c669d62ee9a4.jpg,0
402399ba-473b-4faf-b4bb-7be51530f724.jpg,0
0291808b-fb4c-4337-bcfc-688f6b9f8f07.jpg,1
9d7f5861-63fd-497e-865b-17283eb94702.jpg,0
8c3d76e4-b4f2-457c-b5a1-ca54e3703474.jpg,0
8cff2a34-5d74-423d-8c87-d62db72b8fea.jpg,0
c3670d4f-f10d-4b7b-8a92-e6be6e4c1ae2.jpg,1
549df2e7-175b-490c-a012-acef3fd8b069.jpg,1
b0484e42-116b-438a-bf31-d5348f0a088d.jpg,0
f353bd99-7fe8-402e-a0f4-a4dac6c5ea9d.jpg,1
a2ec4ced-ed0c-4b1d-82da-5b4a829311bd.jpg,0
066a7c00-cb10-4c26-891e-38256b432e63.jpg,1
3f9d5959-9684-4357-b5b8-0b140f0b035a.jpg,1
894b5d12-5a19-4a0d-9474-dce6bc8854fa.jpg,0
20026fd9-fac4-400b-a16d-a225011ad42f.jpg,1
b5d9a30d-589c-4122-a96e-e81dae8d5b23.jpg,1
f101dd63-15a5-48de-aeed-3a5eb11522e5.jpg,0
3e22b378-013c-4c71-b6cb-651d0abb8cae.jpg,1
2f749fc5-3321-4f02-a41b-801faf8dfac2.jpg,1
a42f7739-7b76-49b2-b0b0-017f15741c6b.jpg,1
ad731aaa-b596-4868-82f3-8a682ba63f8b.jpg,0
169f9334-9ef3-4d6a-a144-c6f42cfdc684.jpg,0
340b3542-69af-416b-a4a8-0f0d0814f1f6.jpg,0
f4dd3688-9821-4a79-86bd-bfd93a83d822.jpg,0
f27fdfdb-244f-40e0-b47a-c9a887f637a9.jpg,0
8d01bf0a-66a6-4c6e-b23a-eacef3edd54d.jpg,1
5e3c7258-e19a-49cf-9f43-424a14b431d1.jpg,1
6854a0ab-99db-4335-9aec-26f95488e810.jpg,0
ce1ea275-68b3-4d72-b1e2-a27809ef3c45.jpg,0
96f4d7f0-5e8e-4367-8730-3ecf420e1710.jpg,0
a6ecc9ff-14e8-4248-8223-a40d9756ecdf.jpg,1
1ddc730e-2382-44bc-b77f-f4217c17bb42.jpg,1
e7799f88-4514-4a8f-9fc2-cf6b182f2837.jpg,1
38928e83-6ffb-4205-a731-e58f38123a4a.jpg,0
4c36a7e9-b3ff-46fb-9747-e3fd54514515.jpg,0
d345d936-ad64-4efb-9ec1-bd9bc2ada32a.jpg,0
c0466611-07a0-41c2-834c-2a1544b3f72c.jpg,0
781aa39e-21b1-4907-8ad7-c89597afee06.jpg,1
27e040f4-5375-4a41-94a6-2b3db02408ee.jpg,1
406bbab5-419e-4992-b2bf-9b9574a97f24.jpg,1
80df384f-4c40-4d66-950f-2c46b31b3063.jpg,0
63638316-4d23-452f-9a34-d3f664423a6f.jpg,1
81c579d7-98f8-43bd-8c38-2f443f18c5b3.jpg,1
b10a9fbe-d19e-4fc0-b175-3583d216dcb4.jpg,0
f69add95-0b6b-4f4f-932a-d5af2ae3ebd0.jpg,0
e4712791-2042-4fa8-b89e-29c77bfb465f.jpg,0
d0880f08-8732-40fb-a11f-9ddb48c18bb9.jpg,1
841aa409-3edb-4e63-b3d6-fc4d80331f51.jpg,1
20568739-c6e6-406c-9677-68e79ef576a5.jpg,0
eaa51865-ef10-4b7c-81e3-39f629a5d6dc.jpg,1
fd5d11c3-7d58-4472-bc03-dc3493fa1d12.jpg,1
b3a5d18c-abb4-48be-9936-8e651c66d203.jpg,0
e467b314-ce91-41a9-848b-d58a5e0a01e6.jpg,0
75fa7d2d-3acd-4ad0-940b-358a83414ed3.jpg,0
daaad5d2-56b3-40d9-81dc-760628c93303.jpg,1
51b8b69b-f077-41bf-a538-17bef210d374.jpg,1
3aee32c8-0e75-434a-86f4-151ee4548c50.jpg,0
d338a567-7d67-4152-895c-24b7995552e5.jpg,0
9690d0d7-977c-4561-b59a-74cfaa6026b6.jpg,1
7ed93bcf-1e45-43d1-b8a3-d133c597e29c.jpg,1
6c01d6d3-6ef9-4674-b4a3-35e12933e522.jpg,1
7587281c-ef0b-4342-8d7e-e4ba6e0ebbac.jpg,1
e15370cc-a8a4-4428-83ad-8e95e3587bde.jpg,0
8f54bdfd-9fa9-4a4a-832e-830c13ee0130.jpg,1
acd5cb33-94b7-42a1-80e6-d954aa0f8a87.jpg,0
7a09013e-c57b-4d7b-880e-d2c6c89b93b5.jpg,1
2098ac67-bb7c-44df-89ed-0da08a9e93f6.jpg,0
c9ef8dc4-297b-4bb7-b10b-146e8d307811.jpg,1
1fc65eda-a647-4d14-b77e-b23f70fe4eeb.jpg,1
1f983726-c919-4c53-b3dd-866d1c426aa5.jpg,1
98eefedb-4006-4d33-aeb3-987dad286f28.jpg,0
a00b4651-132c-4646-a09b-20c0a8c0e365.jpg,0
66e83343-09a5-4035-8977-4e0eac1341f1.jpg,1
591c6c18-bc88-4b0c-a2eb-a63d15ee8b75.jpg,0
3426b17b-205b-410c-be49-e42aa227a3de.jpg,0
ba1d08fa-3ef6-43f3-aa43-14a72849659a.jpg,1
1061dee3-5fdc-4727-802c-c72cc4a21c7f.jpg,1
21016489-5938-4ab9-b671-770a9183e805.jpg,1
ec54d7e6-9375-4bcb-bb18-e72372f48c24.jpg,1
786df26a-c7fb-4694-85b4-25d5e9bb90e3.jpg,0
3b3ae000-20a8-4a47-99da-8c55f4f7f378.jpg,1
756862a2-b9ee-4641-b61f-fa4ff6f5fd5b.jpg,0
c34c4fde-fb3c-47a5-ad9a-528b6634fbf5.jpg,1
596e81d5-72f5-4352-ab9b-d59d0b6c818f.jpg,1
dd7a6e7a-7b9b-4509-9fa5-a323e9989343.jpg,0
d216b230-ea50-4229-a2f9-0a361245313e.jpg,1
75ed779b-c61b-4746-8cbf-99038e25d8aa.jpg,1
0c886d29-45ab-48c7-b8b7-9ae0f7df24c2.jpg,1
cbc38d5a-214c-47c5-be29-a5d84c62696e.jpg,0
d347ddcf-a121-486f-af87-a47c69eb8c38.jpg,1
91083223-d468-4c74-a659-d91aac95d7c8.jpg,1
84bc4225-98bf-4338-8efd-08ec5febd95d.jpg,0
5945f292-cec2-4aac-a9e5-8768dae834cc.jpg,1
6f0e7eae-c85f-4772-9a89-c2af0a22ccc5.jpg,1
81979420-20c7-43e5-b837-cec0d8e3b57b.jpg,0
f636d552-dae4-4aaf-aa9a-d32824911a81.jpg,1
a63ea01e-7955-432f-afb0-c82bda3d46f2.jpg,1
5c0a4b66-a819-4ad2-9ffb-a08ad79e4f41.jpg,1
50d30fdf-444f-43ac-b35c-f1b099cb7101.jpg,0
c7717d5a-db9c-425a-8e44-d96437e7cf10.jpg,1
503e33a4-bd2f-48d0-93c6-b1e31c189e5b.jpg,1
385f8fde-4f95-496b-b838-64275df06ffe.jpg,0
b692fb37-8ba0-44fc-aeee-2a6054d45cfd.jpg,1
850f3cb9-6939-4151-a79e-36d38457caa4.jpg,0
4d5aad75-690f-4b80-a7a8-4f1cc043852c.jpg,0
acb6e112-74f1-4b65-9fed-f336e2d4cdc6.jpg,0
ffc56fa1-7539-44cc-a180-0f5b1798f28f.jpg,0
1b8147fd-63e3-4d38-8fff-9c73380cc669.jpg,0
cf5f8175-6de2-4c66-b60b-f799a9e080cc.jpg,0
428d7964-8b41-4c36-b4fd-0637b44b0abe.jpg,0
70fcb6c6-a314-4002-a4b4-f85490071423.jpg,0
33e10f5a-5a37-44e4-970a-6d783759ee20.jpg,1
01224d64-2421-44a3-836a-6fd12b1ebc1e.jpg,0
cb9ecf44-bdbb-45a2-972f-511f28bdb870.jpg,0
aec0544c-b5d2-4b0d-b2c4-aadb716f81a8.jpg,0
fabcd318-64b1-49a8-b96a-55be1e598ff7.jpg,1
7e942778-17fc-4a76-a4c1-85d45d6f9b77.jpg,0
43fa501e-af1f-437f-aaf8-38e70a0d728d.jpg,0
d37109f5-61b4-4c38-b3b9-9cdcda16b388.jpg,1
9f45539b-0321-4045-b181-c360a3fa7a8c.jpg,0
2b040068-2ec3-4d5e-b33b-ebe3133285dc.jpg,1
cb215718-762c-4311-ae62-ab5d6b36dcf9.jpg,0
85f30ae5-c4cb-471e-9873-6c23aebe1dfe.jpg,1
5cb3729c-05b8-4b9a-940e-1d057a45d71a.jpg,0
38f8969d-ba01-46f5-8fe3-53609ea24c1f.jpg,0
64843ccf-9899-4a7f-a576-ed1b646928cd.jpg,1
b893c873-6e8b-4759-ade5-525ec9978a2e.jpg,1
1f45a944-68c1-489c-b986-036c6d0d56da.jpg,1
afc0da63-23a4-46d5-9c2b-317ff6e71b90.jpg,0
cd290fa6-84bc-4aaa-86c1-344567876e65.jpg,1
7235160d-2b41-45f6-a12b-c8096000ac67.jpg,0
bc2861fa-047a-4a91-b3ce-0c8802929a80.jpg,0
de70a9a2-998a-4b32-bcae-e78f712fc62c.jpg,0
e54a8608-26ad-494c-b56b-946ad38e34be.jpg,1
c84d19bd-70ce-4437-8309-315da4cc0fca.jpg,1
d8279dc4-9d3e-4d98-b357-3f3d91306f3f.jpg,1
ad3922a8-c263-4970-b081-c671f7d94e78.jpg,0
d80a8f86-6eec-48e6-8932-77b369c446b8.jpg,1
aa51bae0-cca1-4d14-9812-4463dbce55c0.jpg,0
3a9d1d90-bef9-47e4-91b0-3ee994b77337.jpg,0
1ff05982-ddb3-4af6-8c7d-5eb22aba2b7c.jpg,0
21cd56d1-4f62-41c8-a957-4ca46e5bc40e.jpg,1
8bf7f92f-9db4-4a6e-87b2-8215f1daba3b.jpg,1
7abed18d-2b34-4865-bf55-14f13044081c.jpg,0
0fd01a37-f1aa-47f4-99df-bbcb366e6fdf.jpg,0
1bd6f516-7c95-41ec-8a20-721d067b8f90.jpg,0
a68fee7c-a113-4518-9bc8-2d1422084dcf.jpg,0
cf2b5f73-51c2-44e5-bfd5-3597f0fd1701.jpg,1
8f429721-6eb4-4b2b-aa25-50cd4b68695f.jpg,0
e42855e6-a20f-4305-8c8e-1b2804b5453d.jpg,0
a5bb8032-3640-4df1-ad9d-e6fed3749dce.jpg,0
36735cea-dee8-4d69-a248-150a5be22354.jpg,1
4198fc5a-0bb9-44b9-9e53-8f398e27e7f7.jpg,0
494564c4-0d99-4e00-877c-43f51e7d1940.jpg,1
66d90838-bd5a-4bc3-a955-361eb98ee017.jpg,1
75097a87-9200-468f-a05a-38acb46ceaf9.jpg,1
1afb1b1a-2cfe-4b0e-89d4-88b19218a44a.jpg,1
43c98f0c-772e-46e5-8d43-766c3f1cc4ec.jpg,0
b4159cf3-d8d0-4ee8-a4ba-a8392b8a4c79.jpg,1
66a0009c-cc1a-4ff1-b342-be62522982df.jpg,1
5dfc6477-f905-4df3-b863-7edaaa1d6d6d.jpg,1
a6396727-8b90-4185-9985-aa280bddcc75.jpg,1
6b7c4eb2-e740-4fbf-90ef-38d2211dad37.jpg,1
edcc99d2-ad07-4c94-ac09-08a32e6328c9.jpg,1
8cfab9fb-aa3f-4884-9e26-ca2d390837b1.jpg,0
91f3444e-7f3c-411a-89b9-72d1a77838f3.jpg,0
7807f347-eea5-402d-956c-b8b04fd2b694.jpg,0
6d382eaa-6b10-40eb-b15e-83b1d6e85afc.jpg,1
5af44a53-9423-4928-bda2-083ccb55f86b.jpg,0
83f8af0c-0a49-4f6a-ad8b-eecbcfd07963.jpg,0
a4f23f82-3bbf-4853-8ab7-9fc5b17670aa.jpg,0
2729d63b-da71-4cfe-88bf-0905ca801e60.jpg,1
970c77e6-7248-4c4a-b8b7-d4f59ccde1a0.jpg,1
55711b7e-29fa-43bd-833c-ed8dc004bc04.jpg,1
bd216a2e-0660-49a6-ad04-6d582677d33b.jpg,0
e4e744fe-6f6b-47a5-820e-3eb95734cc29.jpg,0
04c10f5b-028b-4681-b6a8-35d10d872b1b.jpg,1
e633e7ca-8973-4a6c-816c-ab9e0e7cf8a2.jpg,0
576459c4-d958-44bf-9435-dd842d7143ee.jpg,0
20bb4fec-7a19-47b7-9274-867a7d500aab.jpg,0
3345cac4-c6c6-4532-8053-336dcc28a6db.jpg,1
c68a1c32-56d0-4552-b39a-3abcb6a071b1.jpg,0
ce093889-f8f2-4bfe-b582-3a16fe0c8686.jpg,1
446c9558-bae6-48f1-9b77-500d706ccb8a.jpg,1
dc261725-1d3f-41f8-acc0-f965419199f4.jpg,1
2aa09bfa-d5d0-4007-80b9-a05b7c6f00ac.jpg,1
b8393cc2-0651-459c-82f0-1182cfbbdf72.jpg,0
572fd473-e092-4420-b741-ac899494d694.jpg,0
f34b524a-0a45-4b4a-9ef1-a0f3ec655c2c.jpg,0
0ec09f78-ff66-4538-91b8-31368708bcbf.jpg,1
de8608b3-7ec5-42cf-87c2-700bec620109.jpg,1
62447ce4-4110-4405-a9b3-5dd6894ed408.jpg,0
fe0e4f5f-b759-4d33-bc66-ea4f88b01563.jpg,1
7f1eade6-15bb-43b5-9700-f89d21edcf19.jpg,1
03f65294-20dc-4d83-8b68-36e388bdc04a.jpg,0
72ff8f88-f5c2-4847-b4c2-52909596ca7d.jpg,0
b3ab5acb-5f9b-4b0f-bf08-028c2f8b0065.jpg,0
f13cfc3b-25ab-4d7f-b191-e1982f0e0991.jpg,1
72c921d2-844f-4546-9967-cd9a440e85e5.jpg,1
4f0eae81-e0c0-44d3-9a02-bf9f02e1b65b.jpg,1
75aa339c-1df2-4ae7-9fbb-918aee065175.jpg,0
70118523-108d-4f41-8780-cd744a35fc3e.jpg,0
8f658e2f-760d-4cfe-9774-357165a5a7d6.jpg,0
d8545317-e280-47c9-bc50-3b3e4f57b493.jpg,0
63e68f88-72af-45fc-979d-b5ef8f14972d.jpg,1
d98b7730-7005-4460-96ef-32c7a48ea4b6.jpg,1
2ef1f722-9702-4d78-ae5e-b8c5d0fb8811.jpg,0
9df9ea00-0d4f-4875-af1d-d4b02935c2f0.jpg,0
716fe25e-c401-4cda-95c0-5f7369bd2963.jpg,0
bbb249a9-d2cd-43ac-9ad3-52ece8ea34d1.jpg,0
55439e21-d22d-41e2-aa21-e3022cf5b52a.jpg,1
03a3fdfd-4817-4411-a101-23d147bbe042.jpg,1
1a53b130-7fd8-4279-b04a-d54280b1347e.jpg,0
a5cd70e3-2ac2-4fe4-aa17-dfe412d90f08.jpg,1
4434ec17-eb4c-4229-aa0a-8b2471e4936a.jpg,0
2ef274fb-99b8-4f2a-8ddb-f9894ce4eca5.jpg,0
34ab2ac7-9e64-424e-b02d-bd9c462c2d01.jpg,1
a5692db6-fd7a-4a8a-add9-23d6d7a607f9.jpg,1
a342ed5b-2aad-4e81-8cec-a05568b0956f.jpg,0
0062ff34-268d-4f95-8b2d-377796fa71ea.jpg,0
9e60c450-49b3-4cce-890e-038520d3aae0.jpg,0
707b2ce4-722c-48d8-9f73-a7135811d31d.jpg,0
53d733c6-47cc-4d68-b95f-5af749f1e626.jpg,1
ac0a163f-91bc-4471-b8e2-3f02d7a062d3.jpg,1
17bdcfec-d521-4e0a-87ce-034fecdea9f6.jpg,0
d5d0c26d-e932-4a94-ae6a-2c47f9470fba.jpg,1
d8ed74b1-4f48-4e59-8a97-26b3187b292b.jpg,0
93c05705-796c-4032-8798-28de0a2f327d.jpg,1
0ea70d53-5122-4c32-aae9-aa27fb693fbe.jpg,0
aa7f9bf3-126a-4b6c-9463-48ed5b00131c.jpg,1
19aaae0b-53e1-4132-ac2d-9f40f5757549.jpg,0
d61929b2-a580-4244-b62f-3e910900c822.jpg,0
05f4789e-706d-4938-8985-c3a624d3e258.jpg,0
fb64032f-1c06-4f60-8cc3-e270625064ca.jpg,1
6c2d4f89-ea78-44f9-8984-d714890e452e.jpg,1
3369900d-1aae-4bab-a7ce-1a5c195ee219.jpg,0
55318665-eb0a-433a-865a-1cac90d6783c.jpg,0
0b955ada-b1b9-4d1e-9682-187b3fd42854.jpg,0
690d1f2f-8901-4ee8-bd78-6c8996a4fc0d.jpg,0
ff1119c7-177d-4a59-93bc-d207e4c4996f.jpg,0
5b87b228-66e8-4bb4-b346-d1ccfefe25e0.jpg,1
3b8891ea-9bde-4648-90f8-fca4b6b3e343.jpg,0
f33f389a-408f-4fed-8c1a-03acdadd0b24.jpg,1
aa804c30-5eaa-496b-938e-061ae920da3c.jpg,1
b7493f5b-3358-4490-9580-c20a624d7270.jpg,0
639590f9-3270-4154-9a1f-953acc9e77a4.jpg,1
60648cfb-b65f-4c2b-b03b-028b8d80db48.jpg,0
2f62d0fd-3c48-4394-827b-517b1d84a64f.jpg,1
20c1aa88-16cd-4ad0-b8ed-6260dcfe1bc9.jpg,1
c24bb0f1-1c8c-48db-8632-8c5bfd8f91be.jpg,1
0a0a432f-726e-4eec-a690-d185884e9073.jpg,0
a632c462-814b-42d4-953c-3346dca021e9.jpg,1
1353b185-957e-43ac-8305-a45fd6ed6da4.jpg,0
3d28fbac-9f85-4c64-be9f-ec9ae9063650.jpg,1
1048b72b-d6d7-45b3-954c-fbb18bfb4bb5.jpg,0
67a1ce51-e1ba-41a6-8035-4e5dc04f7476.jpg,1
ee33abb8-261d-49f3-bd4f-3db28f21d6b6.jpg,0
e822bbaf-8d00-448a-80bf-6ac09499f0d6.jpg,1
6e26b77e-dd36-4e33-ac4b-7589982abdd6.jpg,1
3cdd3b96-b435-4fd6-ab55-1bebcc6a5673.jpg,0
b2aaf6e6-d932-4908-b46b-21b59f140735.jpg,1
7f19ce4f-a399-400f-8cc1-3c00567722b5.jpg,0
9e571a47-0bdf-428a-9d82-b381d47dec5a.jpg,1
572d753a-2096-493c-92a2-cb2434f844e5.jpg,1
67e806cf-cec4-4c0e-90e3-a0c4928de802.jpg,0
473fce8e-0310-4f9c-8bd0-4d7f5b9551fb.jpg,0
1e69d244-0750-44b4-9f0b-89facba771aa.jpg,0
e201b506-02bf-4064-932a-a19bbc798816.jpg,0
462f403e-83c9-4acb-8f96-fe6d23786729.jpg,0
37192eca-4325-4b6f-bfdb-d2f8c11d747c.jpg,0
0598d504-06fe-4084-a74b-4af80d454738.jpg,1
800daa40-2520-4794-8218-00904b19fcde.jpg,1
ae64ba85-254b-4316-9d37-a528d4ce8da0.jpg,0
24570265-4ae9-4fbc-b01a-a7f031f3b16e.jpg,0
9de00457-3ee4-4e25-ad09-fe5e8c205de4.jpg,1
c89eadad-fd01-4b8b-9c07-e8ffc0234203.jpg,1
218eb86d-7fa7-47eb-babc-de4feddd3230.jpg,1
7c078372-c065-487e-9b7f-9c7e32e711ab.jpg,1
c4f1e35c-7553-4a29-8c32-89a5a0083c9b.jpg,1
5c576562-5a49-45f2-8a21-2ab54612b6d9.jpg,0
512c0e0a-1f41-407a-b420-fc1aec966316.jpg,0
f0cd02f2-5d7a-40c4-a812-143804e551aa.jpg,0
02c2e257-aa95-4c69-bb58-95d02174bbb0.jpg,1
d0672553-0cbf-4e34-b541-35e926f2b4b4.jpg,0
8b9097a2-b3f6-4e16-9994-c3539677c2dd.jpg,1
eb0732a9-5250-4c46-b529-112214e88d5f.jpg,0
5ff36591-fe18-4bef-a09e-cfdd81607459.jpg,1
8f16eb7e-fa40-4e7f-b389-6d5338505c42.jpg,0
30f4ee1d-e7cc-4d6d-ac42-a192330ec33c.jpg,1
f9cdd95b-e523-46d2-a8fb-ef889574d714.jpg,0
cf097536-a486-4914-a0ea-2fcff7c91218.jpg,1
361f29df-55ef-4352-92c5-2713a902dbe5.jpg,1
be47d49f-f89f-4273-a35b-0aa03d9abf12.jpg,1
4f67bc9c-d5fe-418d-95ec-b89a10cbce0e.jpg,1
3b9cba94-fbb0-46dc-9801-7b13269c371e.jpg,1
d83b5fa1-de29-4ba9-8211-4835165287fb.jpg,0
a5375061-faca-4213-9801-d5dd58f9fe4a.jpg,0
07658a1e-2aee-4279-9caa-f4d1853777e5.jpg,0
2196eb27-870c-4bbf-960e-ec6b06842c74.jpg,1
c17cf900-9780-436f-809e-14f876438579.jpg,1
fc2b3841-0305-4493-8ab4-797531b31dbe.jpg,0
d1ed11e4-5271-4ab9-b1e3-977a857904f2.jpg,1
9dfbdc9e-5bd1-4197-9ceb-06a70a104020.jpg,1
56f94ea3-10fb-4efb-81b5-ebceb9bf6243.jpg,1
f8605ff2-9ab1-4fc6-a84d-93def0429819.jpg,0
07f8f1e6-e50e-4d90-869a-a1f266d74a6e.jpg,0
4aa08104-4e93-4b12-91bc-47c81fad5124.jpg,1
d02eb25b-8f7f-4c27-ab8b-4a6422dae4cf.jpg,0
02b4b80e-e9b0-4366-86d2-a37c6bee5c55.jpg,1
5817f8e6-6f04-40a9-80af-dad8c23e99b9.jpg,1
e117f6a5-e8c6-45b9-ad6a-39c5270fe615.jpg,0
1cebb9fd-877b-42b3-805b-a07c58329247.jpg,1
1c44bcde-9e46-4889-83c4-88c27fe40740.jpg,1
78c23c3c-89dd-4e55-ac6d-585b9e3bd914.jpg,0
ec3b8d09-42f4-4c62-a0ac-c89124c63928.jpg,1
4a93fbaa-a94e-45d9-81bb-4d332011a9bf.jpg,1
9956f450-f8eb-41b9-95a4-0aebb02cadb2.jpg,1
61a3f673-993d-4381-9263-3804b178074a.jpg,0
092cd11c-ff5e-4759-88e0-a2247b18cb83.jpg,1
abeddc2a-bd78-40c8-a1d2-0368f416158d.jpg,0
867ae0bf-212e-4525-b024-286ea3827bfb.jpg,1
12974ba3-ab00-445f-95f5-a11a18837089.jpg,1
5b45bbad-a4b3-4d47-b793-10860c5f06e2.jpg,1
ca0399dd-c831-4db0-8cb2-3131b8e941fc.jpg,0
29bd3643-5ee3-4e85-b56c-7642c8756ba9.jpg,0
fe2c7130-b7a6-40ed-a27d-607f3a60a66e.jpg,0
3cdede46-cbb3-459f-b204-080eab58eb4d.jpg,1
a1460a15-566b-4655-9a0d-be27f197913c.jpg,1
67723869-faf6-45f4-afe6-88c2b3944594.jpg,1
4fe97cd6-309b-4f8e-85db-605fc2ff725c.jpg,0
8bac1296-df36-4edb-b00d-a1976ab72b94.jpg,0
5b8c7f0e-1f6c-4ec9-8586-5debc4c77c1b.jpg,0
c2750914-0dcf-4ea0-b14e-06cd6578ba67.jpg,0
7fceb42e-dcd0-4461-8641-f0ea18c060a6.jpg,1
7ef53aee-01b5-4ece-8310-5ecf1b875ef4.jpg,1
9a3b883d-4ff9-420e-bdd5-a1c0346911b9.jpg,0
5f5b5a27-472f-4b45-ac3f-04f00181a30c.jpg,1
09a3e242-be5b-4054-8fa2-bd6f8dd7cce1.jpg,0
256c56ac-63bf-467a-8dc8-79a136de1138.jpg,0
7747c557-b154-45e2-8ac9-f47b0187223e.jpg,1
366981e7-a480-4581-a3aa-22de4bb40d6c.jpg,0
38be8e5f-ce43-4c3a-a4d4-480e5f23f385.jpg,0
582025b0-a118-4c82-95c8-d8156c49719c.jpg,0
ef48dc95-7e15-4948-adfe-134a49e05050.jpg,1
afe53a30-b1bd-418a-a404-ad283fd0099e.jpg,0
9046de76-4f0f-4516-8327-63416631ca35.jpg,0
9d5ea8c3-be81-4236-b627-28f332477107.jpg,1
41ae6939-b1df-4adf-8768-4c1da81e7452.jpg,0
32747378-b6c0-4954-b00f-a14fda974c60.jpg,1
b4555b67-7e44-4c68-9747-aae030469754.jpg,1
e133b557-40b9-417c-99d0-4bdddb0fc35a.jpg,1
3ed59b03-6d8e-4077-9e79-2cf2e2cc5ac5.jpg,0
66c89fd5-6110-406e-880c-fd7c1ad155a8.jpg,1
a63e0ff6-bb75-4fd7-97c9-1c1ba5f1dff2.jpg,1
22c0bfb4-9a62-4968-9614-0d7b81888473.jpg,0
b7780764-0f8d-4dcb-9a7c-27a71587d902.jpg,1
e19a126f-f00f-4867-9003-8ca749889560.jpg,1
7d533c7d-996c-4721-a762-3470895455cb.jpg,1
d03ab612-f33a-41f5-aa7c-12bce5d9e879.jpg,1
705fc33a-c13c-48c8-a223-f9cc6b0ce6fc.jpg,0
1af729c6-2398-4c89-a331-20483ce0a694.jpg,0
879ce3df-3853-4f0e-bf2a-e054b612e7ae.jpg,1
7de3faf1-6bd7-4c36-9806-3e507a1deb9d.jpg,0
9b4bb251-9561-47b5-b889-f5d75c6b58ea.jpg,1
faf14b04-a2cf-4ad7-a2a8-8abb19a1750a.jpg,1
0b63727c-80e2-4f85-967e-0030b91402e5.jpg,0
8acfd208-f808-4a8e-893b-934a9a942982.jpg,1
f9d99068-0cb1-427b-b2e3-5ba80426a1fa.jpg,1
9b6fd782-d94e-4043-a65b-9f923d5ba941.jpg,1
ed63e9f6-774b-40ea-ab90-a01fecb8d2f8.jpg,1
a3bb0f7a-fb6a-4d4e-9a84-e136dc3e6807.jpg,1
8a1913d8-caec-420d-96c8-88210bf83428.jpg,0
364d72bf-db2f-42fe-8447-b81f322309d8.jpg,0
7ea750c1-12a9-44fe-9215-a72ca1d96444.jpg,0
3005144f-4cae-4072-a8dd-5b13a91a9dfa.jpg,1
1ce4c33f-9485-4de7-93ff-a7edd00840a5.jpg,1
ff4bd915-85e7-4ae1-a0ad-743217c75177.jpg,1
28455001-5dc5-4b7d-891d-6bcfca59a08f.jpg,0
b8056126-a9ae-42f6-bf66-04ede1004205.jpg,1
cf040be9-7d3c-491b-872a-f6ac6ac44cdf.jpg,1
fc80aa00-176c-40dc-842e-7cb71ac97959.jpg,0
352fc359-20f7-4ef3-82ba-744c23b16213.jpg,0
7e6b2526-7552-4d35-a64a-3439e60e2572.jpg,1
04dd9f32-4c59-446a-a52a-80d691a27dfa.jpg,1
ec1aedc2-9160-4081-a4ca-fad6b68d3922.jpg,0
fd6535d3-499a-43d2-82a1-5facf313269f.jpg,0
4ef31192-d0ee-4358-9ab5-6c6646158c61.jpg,0
ff2931a9-2e70-4ae1-aed1-44530ed58755.jpg,0
535e1819-532b-4aef-b2d5-e4aa0e15935b.jpg,0
e6a8ac05-8de8-4e48-8c7f-18853a64b617.jpg,0
ddf9a298-2c4a-4e98-ac97-f9449ac7394d.jpg,1
fbe91327-e42a-4bb5-8d78-b5db781aeb07.jpg,1
825c3bc8-e025-4ce0-bef4-a4091a73b3e5.jpg,1
40aeb982-ebe4-4f01-9b4d-1b2ea4e66238.jpg,1
25ac6f9a-d7b4-45ce-bba7-5731bcbe4a11.jpg,0
37afa9c4-82ba-452e-a373-c7ee9e67477e.jpg,0
d41213ca-fd39-4de9-a246-ae539ba2e731.jpg,0
bb9dc952-a152-45a6-9c92-d982b3baccc1.jpg,0
4a0a7bc1-20b4-4bc1-9068-5d5817fd331e.jpg,0
fdf15dc8-ab91-42f2-b88b-2f3fd5289662.jpg,1
7f2c598a-af9a-4bb9-99e3-ee46d4c214c7.jpg,0
a468a9ef-f595-4fa3-afb0-726a66945a50.jpg,0
c2edc60f-f470-4e8a-9f14-292b46c24926.jpg,1
bfb25dde-d9c8-4e23-af53-e5bf79c47531.jpg,1
1f624431-1ccd-49f4-9e7a-296427879233.jpg,1
99a06061-053d-4074-a25d-8dd2830053fc.jpg,0
27f2e0a1-7985-4367-82f8-d6576418b21a.jpg,1
a5d5553e-2ad3-4a9f-8c95-9605395db6e5.jpg,1
57a5828e-4c81-42ad-adae-35c47e7c9c16.jpg,1
995b9650-5492-4848-8ecd-fcc100775132.jpg,1
76a2639f-3f64-4333-b410-2cc2a52272bf.jpg,0
923a0385-508c-48cd-89ea-20b1db02923d.jpg,0
bae04e32-ea5e-480e-964a-114754c2d138.jpg,0
6fd0e1b2-9b86-46da-81e3-74b14c789f12.jpg,1
8c816979-517b-440a-b123-5d4dfce680ab.jpg,1
94925194-ceb1-4cd4-8a55-98a742cd9fac.jpg,1
bed02c2b-82dc-4c8d-a657-5af7a4037229.jpg,1
5370b797-ec45-46c4-a3fd-58e590dd5adc.jpg,1
3b9956b4-c466-4944-b9f1-da864a62865a.jpg,1
b2509cf1-94c4-401a-ba76-ac8fc7a44952.jpg,1
b32b8247-563f-45c4-8fa7-a558984db53d.jpg,0
848c2055-9cfd-4a52-bee8-1c54ebf89b7b.jpg,0
8b0d040d-d51f-4e5e-8000-9fbbca684e62.jpg,0
1446caea-e49c-4c42-87af-b34cf31e8399.jpg,0
64e62874-6949-4dd3-9988-6c1e464446fb.jpg,1
6036d2bf-aff5-43af-b3f3-e9fed46734f2.jpg,1
87a748f5-1ad6-4710-8d9f-e6bff7a00af4.jpg,0
e8feeec9-25cb-41cd-a05a-fbb464711713.jpg,0
9f2b7ab7-a140-48ba-906a-a057f6000183.jpg,1
40b4e1c6-8dd5-4bc6-a147-4237f30da636.jpg,1
4a22fa35-231e-410c-9660-c9d132d2e1eb.jpg,1
0a2129c1-8e5f-4220-8715-69668abecaa0.jpg,0
81985868-cd4a-41a5-9105-aa719c9bcced.jpg,1
a007de51-5ff3-4f5f-9834-4a9960206bdd.jpg,1
93ddf203-81be-4413-bac6-a3c972bf4e0c.jpg,1
a654491f-0973-474a-823c-84409de917a3.jpg,0
458a9d4b-07ce-4177-970d-d3e436ae7516.jpg,1
e436480d-510f-467b-8fd9-ae400bfa1822.jpg,1
d10a6936-ee9a-4cc8-829c-4e23ad428acd.jpg,0
7443e1d5-a336-4532-98e1-04339500573e.jpg,0
c1fc1ed9-2281-4f12-bfd1-d57f3a3ef0fb.jpg,1
0235c966-28fb-46ef-a705-fb5d260cf14f.jpg,0
aac199e6-20fc-405b-82b0-3f22323ac0f2.jpg,1
1a6468b1-e6d3-4c64-89e5-13b8efaf5198.jpg,1
a8d9a1ea-d054-4003-8f1b-61e7ce171079.jpg,0
ecdc916b-8de1-4933-af44-9ae44dd7ee7a.jpg,0
341648e5-710d-45a5-9e71-932aa139e8fa.jpg,1
be5b6b22-051b-4f95-af85-841ab34da71f.jpg,0
b4c84959-cb7c-4217-994a-f8fbaea37a68.jpg,0
a2715408-1eb9-4916-a0f7-cd0d8920de6f.jpg,0
28ca6615-1832-42c8-8e01-c007da58cfdb.jpg,1
2ce86e4e-7169-4df7-b2fc-b4564f873dee.jpg,0
c7507f82-0c28-46de-acc1-574a6564da50.jpg,0
65b85eee-ea48-4f4b-a557-506738225f31.jpg,0
9e28e47f-9e22-426a-95cc-78b740918a53.jpg,1
2d6eea2b-24eb-4a47-a38f-1895fb85f697.jpg,1
4421544f-f26d-4cee-b7f0-cb418c830f38.jpg,1
c5cd7fc8-fe17-4df4-a76f-a839a5ddcc9d.jpg,1
8f51a4a2-4394-4bfc-9220-f222fcb6b0f1.jpg,0
01b23b3d-fe0c-43a8-b297-731317e04a2c.jpg,0
8b29fb17-5884-4c46-b450-8a6d3a818d32.jpg,1
5b847572-8edd-43bc-9c1f-030bcbb2eb8f.jpg,1
5d4d9a3e-155f-4fb6-86ce-1999397127ee.jpg,1
37280726-814b-4898-9ebd-dadb542aa068.jpg,0
9ef037d6-45dd-4cc1-83c0-67302105465d.jpg,1
1d783f9d-e33c-4f5e-aa58-3562cb2074a9.jpg,0
666906c4-2335-48c9-a720-b0cfbbd98c71.jpg,1
5bced21c-cb36-4e87-8a97-b057aefc2897.jpg,0
39ca5a6f-d69c-4c5a-bc5e-9b08d3c0b44f.jpg,0
49f51959-e079-4808-a683-502410aee9b1.jpg,0
0c58572d-20a2-4886-9b90-a9361eb9b118.jpg,1
1c4990de-669a-43f1-b1e4-6bf1f48afd5c.jpg,1
613368d6-4c66-4610-b991-5c1ce12c8bdd.jpg,0
82a132f5-4884-4722-a8eb-4a8aacc2120c.jpg,0
b2762854-f456-48ee-a5df-f9b1c1bfcf33.jpg,0
f2a0a918-24b5-474b-96ff-9dcc57cf7c45.jpg,0
35d4fa93-f368-4efc-952c-615e79fc0910.jpg,0
6858b968-f021-42ab-82d0-c5bca3b55462.jpg,1
a4e367b0-6706-4932-b9d2-18076dbb0b1b.jpg,0
e56360d6-8f4c-4773-83d9-2af3de66d346.jpg,1
3acd7166-2e25-4a25-b3db-12cba02fa977.jpg,0
0a10ded3-0060-4414-b837-6ed42d7c1136.jpg,1
4ff6b5d3-a9ac-4745-b69c-34278f5ab193.jpg,1
dc0c98eb-88a5-43e7-83a4-90a9ad853d12.jpg,1
967d0625-0d1d-46f4-97ac-fd509454601e.jpg,1
d99b6bbc-fd3f-41d0-bcf7-8e0b6e01125c.jpg,1
57816372-f59c-4304-87ab-a0488690c088.jpg,1
072b21ac-fffc-406a-9940-5ecb68c636e6.jpg,1
f78804dd-611e-4a54-bd24-f184ca0d4d7e.jpg,0
303a30dc-417b-4dcb-bded-32c2c62420e7.jpg,0
4ac21dc2-418f-4d42-9b86-c4c2264418d1.jpg,1
07bbd444-6bce-4274-86e0-b3409293b442.jpg,1
bb219b66-e9a6-4491-af75-c8f19831a9e0.jpg,1
4dcb115a-d53d-4bf5-a4ef-08bab7d758fb.jpg,1
c91c80d1-7338-4060-be29-d9f4cdc88d1f.jpg,1
1df3e186-ca80-4faa-b5a1-ae1859dd16f5.jpg,0
f365a5ce-5e7f-4c25-9c0f-4bffbd65db9c.jpg,0
d4d3b553-ee62-4294-8a61-168156c19d9c.jpg,1
12095c10-a33d-465c-b604-e500e8180b3f.jpg,1
a904d936-c169-4ce1-bc00-b1aa42d9e199.jpg,0
0e339cb0-a495-46ba-8693-6b3e88d84eb4.jpg,1
9ccabab1-9d3d-4aa6-adab-35a510ee5ede.jpg,0
cb235fb4-fc25-4732-aec4-cc8a92ed7f94.jpg,0
dbdf1836-0255-404e-92f9-b5b9d732ed08.jpg,0
76602fe1-934e-4426-bcd5-1d658e31a430.jpg,0
8ce6fc28-a35d-4b08-beae-4c97eb851e11.jpg,0
107dc743-ed36-4326-bf48-e453a121dc1c.jpg,1
46fe1bc1-4b99-4b90-a3cb-5f7a80043ead.jpg,0
42d1a0c7-1d36-4cdf-bda8-86e1598a185a.jpg,0
c8587757-2701-4b49-ab54-224f79f7660c.jpg,1
4249f222-4cf6-40a0-aaf6-38dd9155e8e6.jpg,1
bb452c86-7dd4-4dc7-b357-f117e58e8c9d.jpg,0
e1813806-aa98-41df-bbd0-a554be0a2136.jpg,1
0c1c6428-ced7-49c2-bac3-daae586c0ccf.jpg,1
c10176dd-8b38-4e74-a991-eb482bfa3088.jpg,1
07ae4473-37ce-490f-8306-3254e70ef0a3.jpg,1
b320b9e3-b85b-4a06-9e6e-1f2506fc9183.jpg,1
b6b34f9f-3b13-4b91-a3bf-f73bde14401c.jpg,0
2e692ca2-6ea0-44e9-ab3f-b221b631ee66.jpg,0
bbbab9ea-4b5c-463e-9bfe-0ea6617b80c2.jpg,1
1eebae10-e61f-44df-b9f3-03994a4871fb.jpg,0
d08eb31b-c1e2-46a4-b1be-ae1370722994.jpg,0
f00f81e1-2fd8-457e-94f5-27e38fd5a3f6.jpg,0
48d672a4-3608-447c-b797-b1e20731dae9.jpg,0
2a8cdfa3-cc0b-4fa3-8290-ecddfb648ebb.jpg,1
2279679d-14f0-43ed-8429-7b4aeb716ec9.jpg,0
15743bd5-99ca-4841-9872-f379824febd7.jpg,0
3c47368f-5d2d-4c5b-97f7-980f9dc543a2.jpg,1
36fed0dd-d95f-4e9a-946b-e35de449a29f.jpg,1
53bb3bd3-9466-48f8-8adf-1bff939d00ed.jpg,1
edca2754-2e50-476e-a754-5edd72690f5c.jpg,0
33fbd737-573c-4e00-afd8-0a35289a0178.jpg,1
de6e48b8-279d-4dd3-bc31-12476011f66f.jpg,1
e28ccbe5-e193-42eb-a977-55dce3f37a7e.jpg,1
3401d64e-86dd-4fd1-8afc-d04fcfe51cba.jpg,1
b881cd2b-cd0e-4003-aac1-ff480b7648d4.jpg,1
811058b7-2003-4f5e-89bc-95e1e518223e.jpg,1
a995088c-eb73-43e7-890b-00c1e1fff2d5.jpg,1
3c8a8613-7143-441c-85eb-43d01eb21af5.jpg,0
52ec39db-ce95-465e-9336-8dc34baf48ab.jpg,1
581b1133-0e26-4bbe-b924-4d16f3f1743c.jpg,1
78b5e4c6-af46-4ad6-8e35-3eaef29ed4f4.jpg,0
d16de073-689e-42be-b46d-37ead328d376.jpg,0
074f17a6-fb13-4458-bbc2-ccba374af295.jpg,0
09f6620f-14d3-4272-8d76-6dcc947b693a.jpg,0
8e09b6d2-33cc-4234-b914-6f73c61f4a52.jpg,0
cb5d7449-242b-49ab-9d91-d4eb5de192af.jpg,1
b7f939d7-4000-4b81-bdd5-b5a57051c40b.jpg,1
d00fcf80-91bc-441a-9bac-c3e9ebcc8058.jpg,1
c3c90fce-210b-499b-88bd-18c56d59e9ee.jpg,1
68c01af1-ee45-4ad0-a450-06a2b994feb9.jpg,1
ead97061-0199-455e-a36a-e1914802079a.jpg,1
e81f8a97-d95f-4922-a6c3-8a10818ab05f.jpg,0
6440971a-5fea-4e2b-8049-f2ee295660df.jpg,1
e84ce986-4e96-447d-948e-c9adb3cf1805.jpg,0
0071a96f-75fb-4f14-8cc2-77a0922a1bf0.jpg,1
72aea631-d81d-40a1-97ff-eecc932d4b2d.jpg,1
52030ac5-f2d5-466a-a7d4-b71bf5a6ae9b.jpg,1
0cf25950-5c77-4578-b132-24f25b3a262d.jpg,0
d84a8def-8255-4436-8514-d263f0e960cc.jpg,1
8c8d51f1-ad9f-4d81-891f-ecd1e1f08069.jpg,0
ee5075c4-108f-4316-9ea5-f079ca9c608a.jpg,0
588313ea-ce2d-41c3-9897-e8fecd562150.jpg,1
5dc4d167-8d74-4ca8-a4fc-b19e92817ab0.jpg,1
21e45ea3-12ab-437a-89e6-d42199ebc12a.jpg,0
2aa69f77-e9d6-4c34-8418-2948a2c2162f.jpg,0
0d33d4cb-bdd4-430c-960b-90faa4c3f718.jpg,0
e8ec0167-dd43-4ebf-a612-b97c0e237dcd.jpg,1
81bf0db5-5da0-480f-922f-97844ba53b4f.jpg,1
da3d3e71-54fd-4051-9c41-55773f2ccab1.jpg,1
01e09360-32ba-47c6-b2f5-cce301704d7e.jpg,1
38345a8c-0be2-4ffb-9bba-16b4a199b37a.jpg,1
a0b2e338-d84a-4660-a7bb-6a3b98763281.jpg,1
421dad2a-9d8c-4130-aa50-11fe4a801ab8.jpg,0
52b0185c-ce89-498f-b161-2745d0bd5aa5.jpg,0
630688a8-ea39-4b48-833c-87461c6fcaea.jpg,1
658a3860-1ee9-4524-9ea4-2c8ffddb0e69.jpg,0
fd6cd120-188a-429f-83a3-ff36d55753cf.jpg,1
5b519d2f-1db8-425b-8d07-57d06ffbfece.jpg,0
a2a63260-d53a-4172-930f-d2a2c225efe1.jpg,0
70000665-329d-4b4d-8429-301a2b6db0f5.jpg,1
c8878c8c-2eda-4750-adf8-e77339a82989.jpg,1
ba024a29-2cef-4a78-8220-8f188db8e222.jpg,0
b1a910d2-f461-481f-b57f-14f0f70569d9.jpg,1
31af8b32-86e6-4bd7-a703-e2a73639b35e.jpg,1
9d060552-5f8f-4f6d-ae45-8fc485bf91d7.jpg,0
915ac087-6439-48ed-88e7-b3f285c5dffb.jpg,1
a2c29212-59b4-41f8-9428-3d813c9d1013.jpg,1
880c225b-1ebc-4a4b-a692-1710b248613e.jpg,1
d378e767-d336-4cf3-a9a8-fedd6c8bf329.jpg,0
64f03ac0-d786-4fec-8f37-27212d52158f.jpg,1
32cbf838-1fcb-493e-bdaa-fbab3496747b.jpg,1
3a96ee94-dda5-4bb6-87f7-c7f44689a8df.jpg,1
e90585e8-9ee1-473b-8cd1-7eca9465c551.jpg,0
a638dd86-f168-4b55-a74b-887008fe3d84.jpg,1
c7cd4c70-7d57-499a-a723-c857d325eaf2.jpg,1
9ee9936c-f8d9-4678-8c8b-736986413ae8.jpg,1
39a1dfb2-267b-4ca6-a215-f9a5fb2386f7.jpg,0
e30314fd-9bd8-49dd-b3dc-34ceba6020df.jpg,0
0441058e-8615-491e-910d-e18f4f8310e8.jpg,0
579c0d7a-5be2-49cc-8f32-283b59a5ddc5.jpg,1
4c68a6bc-2ca1-44db-9ff8-cbb1af7e3779.jpg,1
f0754849-b8f1-4f1a-a749-aaa94ffc8c6b.jpg,0
753774d8-f228-48da-8c44-d258225d85a4.jpg,0
55f1bedf-3b3e-414c-9aa6-71254d73de64.jpg,1
757e459d-6455-4a99-9248-c54bfdb1797d.jpg,0
cc56158d-c28b-4148-9fc8-ecb4a68b5d16.jpg,1
c32a9428-52fa-471d-9d60-a35c151f7eea.jpg,0
a46b5853-5f8d-4da9-be7d-88b0b67139fd.jpg,0
c6d4874e-fb0d-439e-9f5e-5528b3e2190f.jpg,1
25c9e6d4-8a00-4fc8-884b-a6a2753073f0.jpg,0
5f095979-016d-4dc4-b4df-8745ddc18388.jpg,1
319142f9-9b11-44e8-aac4-f4ff9cddef86.jpg,0
066ed24e-03df-4f8e-8233-f0e38f794cfc.jpg,0
2c48ee43-151f-4592-a180-2c23636dd6c5.jpg,0
3cca600c-f069-4833-ad07-62cbd60a8ed0.jpg,0
0f3a6029-83df-4d3f-9cc2-56d6208c769e.jpg,1
d42ae7c1-8393-4625-9ce2-80b72eefde82.jpg,1
d9fc3636-9eda-4e0b-9942-04a0ce0b7016.jpg,0
6da4b00f-b70f-4570-8d74-f059fce3d796.jpg,1
2eb79b11-426e-43f9-85cf-8f8268866d1d.jpg,1
11cf475e-ffa2-4817-96d3-ce3efbc112dd.jpg,0
26d2b33e-6829-4579-ab6c-ac51161c8bc2.jpg,1
abfbb2a7-e379-4870-9d1d-49c188c6f2ff.jpg,1
a4d91d7c-46ab-45dd-a16f-a0a2e0947bc9.jpg,1
9d53dd58-092e-4667-8c55-a35728d14085.jpg,0
ef7f30d9-0265-4e74-9d18-e525a16fb36c.jpg,1
138966c5-c58d-413c-beb3-8445ca39f8e8.jpg,0
2034f8ab-8bc7-44c8-8c63-d28b3fdd9dd2.jpg,0
7bf9fa88-6e68-4fe9-a93d-3c58294ab0fe.jpg,1
74bf2c91-b628-40ac-ac2d-c49814d6830b.jpg,1
1892579c-9367-4980-808a-aa8fc7fd3257.jpg,0
6f4e3f64-f996-4ef7-b0aa-71a07b7b428b.jpg,1
e10449f5-8c3a-4db7-9442-62d2aca49d17.jpg,1
bdf20644-d6f1-41f8-852b-3408c3553fd2.jpg,1
9aa42a31-c280-4afc-ba99-85ba740ee186.jpg,0
741ce341-e760-4897-bf37-c969fe5f2ea4.jpg,1
8a6396e9-6e05-4764-b3ab-29b4717b73e0.jpg,1
3c2e4661-48ba-4638-bd8a-70e3a9204dfc.jpg,0
6bf0caff-ea23-489a-b379-03b38cc97395.jpg,1
f60f56d4-26b5-4b71-ade4-fed1f91ba9b4.jpg,1
2f24b115-e240-46a0-8ac7-69a980f6484b.jpg,0
95bc02e5-789d-4c1a-80c6-2fed56b6b6e0.jpg,1
f5946c93-e804-4da9-9d89-26fb06475cde.jpg,1
f8f61731-4cbb-4f5f-aa81-9966bc601e40.jpg,0
61c0e674-2aff-4b21-b4c1-551cb5a59dfc.jpg,1
31b82eb5-ace0-49b6-b472-438358ece0f2.jpg,1
3fd99fa2-4611-4875-ae81-733167f880cb.jpg,0
09fffde9-f2a2-476e-b317-b3270dfba40c.jpg,0
1dc4d8a8-e3a4-4dcc-8bc2-bc5e0f2b9581.jpg,1
00af1eb3-647e-4fd9-bf89-b28bf596dde1.jpg,0
18311679-b2e8-4238-a0f8-dbafbcdec562.jpg,0
666a4b10-2935-4011-bcb1-7cb3ca42ed6a.jpg,1
c5d48ee9-a93a-4b78-bb3f-aa67ea268f60.jpg,0
5fa5a872-7180-47f6-b2d2-85d01b2140aa.jpg,0
57e0a962-7b09-4311-9ab2-f3575f72e846.jpg,0
d2693b1f-ffd9-4a68-beb9-db6d60b2783f.jpg,0
911298b1-2de5-4218-90e8-19b875033fb0.jpg,0
cefef89d-5a81-4510-bd49-d6415fe22674.jpg,1
7eb9127e-f6af-461b-aa6c-b97fdb092df9.jpg,0
860dc0b4-25d1-46b1-84bb-ab7a8c38f4ae.jpg,1
515aae40-38d1-41b6-9d83-0b7afc2981d1.jpg,0
04f03b5a-19ee-44f7-84fa-3064af639397.jpg,0
cf6f1298-6f9e-44b1-aa9e-53aa84d6aef7.jpg,1
02013423-28af-477b-9ef0-ab3d3139a408.jpg,1
0db328d4-949a-45c0-9bab-838de443edcf.jpg,0
8511ad06-79c0-4414-a4fc-d0fb3c97ba80.jpg,1
c071ded3-6e13-48d8-b097-0e7f6619c7ff.jpg,1
56d4f02a-a0f0-4915-872d-535986b8bc37.jpg,1
de7a609c-c04a-4e2a-9e57-0dc407906abd.jpg,0
bf510699-a524-4964-9ddc-ab4c900be1ba.jpg,0
894090d5-0f51-40a4-9407-b2b08b96f31a.jpg,1
a1eab7e2-a005-48e4-a0d0-b1d61fd6f155.jpg,1
bef7f256-48b3-4442-af26-0d89ac939748.jpg,0
b9eae3e4-573a-4de4-94c1-fa9f9a11e816.jpg,0
6e0f59b4-8342-4ced-aac1-a2327ba01900.jpg,1
dd1889c0-3756-442a-a414-2bd060a3b700.jpg,0
c55e1daa-c70f-4d08-b381-f77cab479a09.jpg,1
942013cf-674d-4b90-a8ff-6ca504d1feb4.jpg,1
114ff0c3-cac1-4933-b729-c3fc9b4a8a72.jpg,1
54490495-801b-4ca9-b64c-6b8f130f9e06.jpg,0
07a8e1a7-aaf1-4175-ad6a-277a309d996b.jpg,0
9da0ea77-bb04-4cdb-b6c0-c9bcfc964853.jpg,0
97efbba9-1e9c-41cf-9c11-88d25796fe2e.jpg,1
ee3a8de7-1639-4443-bf24-00065f133e6f.jpg,1
811efc53-5f6a-47a9-af20-7b358661a708.jpg,1
28356871-6066-4661-9b79-5e53ad604ee9.jpg,0
0f6f5fd8-7f8c-468b-ad13-22510ef3b4fb.jpg,1
b0835b74-462f-4b77-8486-86279d13499e.jpg,1
b6f09c42-653e-4688-bbb2-a18c5ce660c3.jpg,1
7e10713e-2048-47eb-851a-1e3edf20473c.jpg,0
212641aa-45ca-41b5-a329-d239b0c67991.jpg,1
5dc9e6e5-b002-456d-a48c-206ee2bbe9a8.jpg,0
0add4ea0-f401-4be2-89ea-8e3a3b880322.jpg,0
e20f9796-6962-46a7-be1d-9000219d18ac.jpg,1
3bf83066-06fe-4a4d-a8a6-764e353f4fde.jpg,0
52b6c9c0-bb6f-41f9-b436-16cd06070845.jpg,1
7f21929f-5842-4885-9c51-bd8bd5ee351e.jpg,1
18e7061d-1a80-4890-884f-9165f4dc905e.jpg,0
44b32b04-b9eb-464a-9787-d160919f63c8.jpg,0
159d1c4c-922f-4418-afdf-a58164a6dc58.jpg,1
d3faa5f6-ba23-4fa8-af6a-f6d8cb51bc71.jpg,0
50a8cc50-1993-4ecf-9715-78813a1e40b5.jpg,0
837c8fdd-cf4b-493c-aba7-56da94bbcf05.jpg,0
36030ddf-8e15-49d3-9db2-9bf5ddb38ae0.jpg,1
f1b56b66-4ef1-4e8b-bfb1-7eb770cfbdd7.jpg,1
29d31fe7-2861-4bae-a633-9dc569da2f5a.jpg,1
11332fad-ebfd-4745-9c6b-9f60a3bd8be8.jpg,0
67376b96-db72-4e1f-9c8e-56f9d5d2a63e.jpg,0
48621e85-4bee-4610-b739-cecc92e60a6c.jpg,1
892f07af-69db-431c-8b86-3607a1efd19e.jpg,1
ac56d3e7-170e-4617-8d69-64cd5c70793a.jpg,1
8ef699ff-ba70-4a3b-b163-ae967429007c.jpg,1
dc6a2245-102c-452b-95f7-9523cc6886a8.jpg,0
d319b0dc-20c6-4fc3-90aa-df42d15e65f3.jpg,0
5e7001ad-91e4-46fd-a002-2da04ac1d4b4.jpg,1
69a6fe3a-233c-4069-94f7-229e73a5c120.jpg,0
95da2ba3-6848-4afb-b370-8b71158fd993.jpg,1
94bc0504-a5e8-4bec-8934-b3e8878fc4e2.jpg,0
3172a855-2bee-4fcb-83c0-91dad0002657.jpg,0
556c1264-1636-482e-8e57-ac91bf7e8454.jpg,0
5fd0e452-b980-4657-984d-dbc98c9069a9.jpg,0
8e3cdb66-9659-47ba-a350-9aca032b284e.jpg,1
76f8f3d2-f6db-4b82-b96e-a491ddbe54d5.jpg,1
794ea0dc-3090-4c93-9f01-512c23f9e07f.jpg,1
d663aa29-5fc5-41ec-9729-5aea3fc44ced.jpg,1
911b7de7-bbce-48b8-9ab7-f6065d6f19b8.jpg,1
2ba54677-bbd6-4e0b-bcd1-4b44547c40a4.jpg,1
6edf757b-d141-49b3-9de5-1768229251dd.jpg,0
497e3f6b-4575-4c00-b967-c93e15e3ee61.jpg,1
2083e043-e8b8-43e5-a569-54e1098b59b4.jpg,1
5f46f69e-9a5a-4d27-b77a-bf94e152eb4b.jpg,0
90d433f5-a619-4038-b11e-7b8d24bb32c1.jpg,1
3ccb58e0-c8d2-4548-ba3c-8b590b5c62f8.jpg,0
7c121570-2db0-4e72-8221-96a80ee48b07.jpg,1
e145db2d-c183-45ee-89e6-b524d18b95f2.jpg,0
1c770a3d-5681-4e8f-b098-c1b590e82c7d.jpg,1
82b0adc5-2402-4054-b691-6ba9325a2c4c.jpg,1
111eee61-7720-4d31-9062-aeb097bf5036.jpg,1
aade827d-c7e6-4748-ba83-efca444ef1af.jpg,1
13a41933-15df-4da0-8432-4683964ed23e.jpg,0
14ae8837-8013-4809-9284-496806db8366.jpg,0
837f5d6c-867f-4f2b-ace8-d0066ff33d73.jpg,0
9e1dd094-d6c5-4e8c-82a3-9c4278677ba2.jpg,0
c6c92c6e-83b1-4571-b627-84e8cb05742f.jpg,1
dc180f9e-0c61-4938-995b-de4ed6de0e62.jpg,0
792563d5-d877-4b56-8416-d2c0fd7b9d20.jpg,1
7e7981df-d0d6-4f95-a6a1-64e1f2e61deb.jpg,0
c6745c63-0c45-442e-89ba-8d028fde0ed9.jpg,1
97593bdb-418e-48e5-af6b-c6b69007b3a1.jpg,0
d80821b5-f277-4699-a361-35a8ec0a9e98.jpg,1
034c046c-1759-4d72-b269-b0c64c451eb8.jpg,0
9d2f51b7-664e-4569-9411-d312e3064cdd.jpg,0
a445eb0c-73f4-4f16-8834-0616aa536bc0.jpg,1
ffd9c3c3-66c7-428a-981b-95dbb9d6eaf7.jpg,0
ac874e8c-8ee0-480a-96c3-723625b5f8c1.jpg,0
6564b4e8-67b1-4e1a-b949-dfef4b06be78.jpg,1
d0407849-f983-4f83-9d47-76469604b7b0.jpg,1
e0d2bd62-e125-4f79-bfb7-e38e88dfffc7.jpg,1
f53f1163-223c-47f1-8d0d-890ad6cb35bb.jpg,0
b4a8d808-61da-48d5-9435-010a5ff17a64.jpg,1
92345954-0a11-4bdf-a695-5f04557f1b8d.jpg,0
04a5a87b-7e3b-4323-aa38-e7816da973e9.jpg,1
9b123abb-4833-47a1-91cc-24c12246725b.jpg,1
00dab10c-fc8b-480c-9b28-6ced3becd354.jpg,0
969c1b79-10cf-48e2-ab46-26cd25c612a8.jpg,1
51ae1ec5-d5e8-456b-9d1a-4be3d70da277.jpg,1
bc59aa31-4973-45bb-bab8-309ae8140f34.jpg,0
7f3cd4cb-e9d5-4aee-b519-d2d134e36d34.jpg,1
9fa0c5f8-10ee-47a0-843a-9b403761cc43.jpg,1
b62b4eea-7fc2-42b2-a16a-f887dac79377.jpg,1
dba74dee-9210-4785-91ad-7b4461d11f37.jpg,0
745f6de1-950e-4847-b123-816d67ffc951.jpg,1
7bc153d4-2f28-41fa-8389-e80cd5aecbd6.jpg,0
40a2c7ce-a363-417c-9ed1-6551aee19b73.jpg,1
ca15e83b-e109-4244-a91f-ee99b4fb76f5.jpg,1
25885044-6714-4ab0-8c08-6413cc323f98.jpg,0
d6a322a2-8b72-40d4-acdd-d6d544121735.jpg,1
fb6ea132-f096-49c4-8445-3ec51e78f5e5.jpg,1
61ba065c-928d-469d-b0e6-e12678d92693.jpg,0
2b3e37ca-a03d-4528-86dd-4765284d148c.jpg,0
d7b5756e-c6d2-47cb-aa5c-77f3ffd7da5b.jpg,0
971af751-440b-4917-8ebb-1155d7503f87.jpg,0
afa51724-06d2-442c-b2ad-3ca7ab0c4f46.jpg,0
f60ad160-ed7d-4cd0-a847-62c3609e5a17.jpg,0
78420610-0828-44cf-88d1-a1b1f1272148.jpg,1
eec9aa1f-9231-435b-be0d-45a9c8d165a8.jpg,0
07410ffa-4b30-44b1-b34c-ba2d59840ec1.jpg,1
d90dc9ed-4d01-4da5-93c3-ed1d40232791.jpg,0
d9cac4fb-2757-4ca0-8821-b5b22c5da826.jpg,0
4f6a653f-c278-4de8-86c0-86ca47172594.jpg,0
68dd4572-1f67-4dec-9aa5-7cfdc585857d.jpg,1
940fd8aa-edc9-4a7e-829f-b475055a7579.jpg,0
3aba5814-b420-48fc-8c4c-8e62b3d81678.jpg,1
93ef2504-a24b-450a-9fe5-90e2140a89df.jpg,0
be8c327e-ae4d-44d4-8839-436d121b946a.jpg,0
0321d2af-af85-4f0c-9379-fbf5f4c6c1e6.jpg,1
6554cbb9-2f2a-4b22-8240-8caa568d0e4f.jpg,1
e9e1729c-e353-4922-a7fb-c621b7ea748f.jpg,0
e4750c7e-ea46-446f-bd92-c7e5fec937ae.jpg,1
62697054-0256-4551-a635-fbbb08dbd12c.jpg,0
e350b587-14bb-4e5c-ade3-b4c5a8806643.jpg,1
7bfa6d9c-e1e9-49de-81be-a18d637b6af6.jpg,1
a516e23c-ba05-4e11-97fd-8ad7f60f77d0.jpg,0
c60b8cf2-9946-4257-ac83-a8eeda6b7ba7.jpg,1
5cc00047-2803-4555-86e5-9f5d360fe984.jpg,0
57814600-f199-4aac-af26-07fb9edf022f.jpg,1
6cad8e5f-0b3e-49f9-99dd-876d4eec77e6.jpg,0
ab7149c4-6e01-4a84-861b-d087676623fd.jpg,0
9e70c925-670f-42ca-b003-23d5c9785b5f.jpg,1
7966bd19-19f5-4c29-815a-bb77ff48c589.jpg,1
48c47fc7-856b-4287-b815-6a04c6d8181d.jpg,0
bc9d15c5-9e4a-4936-a6f5-a35a20ad8eba.jpg,0
9086a629-a8c2-4b29-b014-3ef227a21d33.jpg,0
53f5b66d-ec0e-44c8-afd1-f79be1f5f1c1.jpg,1
5b2b39e8-f813-46f2-a2ad-2bcedc74f3c2.jpg,1
489378d2-9d08-4aa4-8658-831b55c2802b.jpg,0
00e4f77f-def1-4f7b-b28d-31ec42f2e0b0.jpg,1
bf610355-2ab3-407f-b2e0-02ef1e3e4ad7.jpg,1
f6ea3396-9c32-48fd-b876-60332fcc3d9d.jpg,1
90cdb457-e305-4476-ae90-5c08d8866a7b.jpg,1
8873ba8e-38fb-494e-96ba-4b898394ccb5.jpg,1
c8f5bac0-396c-4610-bc5a-a731e326de7e.jpg,1
0daef4f3-b3c9-4a6f-ab4d-328fb5fbba4c.jpg,0
da07fee1-6458-4410-b63b-31b8e8735ba6.jpg,1
f68881c5-be37-4573-828f-51d13c0259a9.jpg,1
d1c6d50f-fe42-454b-9572-95614ea77f9e.jpg,0
e7c9f9ed-8900-4825-b3a4-4e230d0677af.jpg,0
01325f06-49cc-4692-b9a0-50b12d8e39d4.jpg,1
bde789b3-d0d8-48bf-95c2-7a8efa72be2f.jpg,1
b16eeeaa-cfc9-46ee-9c5b-b72716060104.jpg,1
fccdcbe9-763a-4307-9f42-b86995f1c22d.jpg,1
911dfdaa-bb60-4a95-9188-733706d47db8.jpg,0
8534a4c3-b4d7-4c8d-833e-643b39db139c.jpg,1
5bda9c33-9772-4d69-af60-f73b0fba331f.jpg,0
34657ae2-4c53-423a-a2a9-200b1bf94e30.jpg,0
af62486f-1be0-4f8f-a19a-3747c8d5bc97.jpg,1
ee72b495-9d6e-45e8-9752-1c978b276b78.jpg,1
80c75f58-d8be-4d42-a7bc-d3df7619af56.jpg,1
c0521875-7f08-4e1b-b2ce-82e60452809b.jpg,1
23d203f5-fe46-4fe8-a7a5-f960e71b1fe0.jpg,1
402776ce-49f6-41a5-9760-64e9d5bf5bb9.jpg,1
26f26c70-8588-41a9-887e-05542e9a1906.jpg,0
2f8e1556-5511-4bc7-91e6-555aba6b8ac0.jpg,1
d6e69609-cc9c-4091-bfec-397e9c5c0f5d.jpg,1
10e84b84-f4c8-4356-a64f-fb575ab3a4cc.jpg,0
8d33314a-05c9-4a9e-a011-e6c903453c92.jpg,0
12e9181d-e67f-4775-804f-33d1dd9c2441.jpg,0
3d1d386e-ab4d-4cd9-852d-151f8d144109.jpg,0
b1f8d074-3347-4074-97b0-44ac384c8610.jpg,0
11767b5c-1a81-4f11-a4fc-f2f13beb2297.jpg,0
c9a1b5bb-e3e7-4f47-bf5f-712277f5a3cb.jpg,0
1a489d47-a43b-497b-953a-52e07db24473.jpg,1
438ea539-5302-49a9-9d3f-ede81d15e370.jpg,1
38a75544-5bfd-428f-9cdc-3930bf1f8427.jpg,0
dea4e76a-b602-4731-9226-28d12b4f31a4.jpg,0
d1dc392b-f34a-4822-b330-90d4b49a5148.jpg,1
b184c3cd-7277-4d36-9bc9-9d98c8ae6867.jpg,0
01c62ee4-3f2b-49ff-be2c-819e6e378277.jpg,1
b785a53b-6588-4750-856b-2adb56077b32.jpg,0
5ce4dc3e-a36f-4145-9040-557584a42a6d.jpg,1
906b41db-8ddd-42cf-8b17-22f28ace2b58.jpg,0
d22be883-424b-4379-a110-11e67e476523.jpg,1
1ff9c37c-3200-4ca5-a19b-5ce218cc2583.jpg,0
77620725-f0a5-4c0f-b60b-b4d5e16bc9d3.jpg,1
6d50e538-ff1f-41cc-bd9c-411494de7163.jpg,0
1f31d002-5d5f-461f-8521-b45beaece91c.jpg,1
38d1e396-f41b-41d3-807e-8e239f9466ea.jpg,1
93b6baac-88fe-4820-8c71-ceca4fd4718d.jpg,0
b22a168d-4462-495d-9d32-9da98f0bb873.jpg,1
cad6eb19-d6b6-432a-b889-32d81f6dc3b3.jpg,0
716ad23f-447d-49ac-b060-3da63fabaa3c.jpg,0
dd10c600-6a5b-4cae-bf91-7df7b50be3f1.jpg,1
1f546c04-b46b-408e-b9ca-988e5d4fd449.jpg,0
0a7f3970-d89e-474c-b087-5991d06dfb18.jpg,0
a6313ecb-11a7-4d65-965c-ade62b7c4cda.jpg,1
851acc55-a8e9-4257-8fed-70553f1f3614.jpg,0
31a9db7e-d04e-4244-8745-041e2f13f4a5.jpg,0
2746e214-b803-4ab7-a7c2-c11dafbf5816.jpg,1
b0c369c3-cbb3-40de-b656-996c6b28bb10.jpg,0
6aeb3a0b-f6c8-4942-a20b-dda4aeeae26c.jpg,1
d1afdef0-8465-48fb-b9ea-b892a5392c65.jpg,0
039c26e4-6040-4455-92f4-afe690006b73.jpg,0
aa7513e1-ff3d-4ade-99f9-99c55eb016cc.jpg,0
f460bbf7-0cb6-434a-bd0d-20955e0abaf5.jpg,0
64ef7603-814e-4dcd-8ad1-a5615b340f4c.jpg,0
cfdd8f5f-abee-4623-9c68-dcc1178970ed.jpg,1
f315d75a-2a3a-4abd-99ac-fb382e83eeb0.jpg,1
483055c6-a904-4f21-bf0e-85376198ba67.jpg,1
e4e00e50-10a5-4902-9409-218b651a2fbe.jpg,0
3ce3ee5f-d2ef-4b33-a1f5-9af86d6cefc7.jpg,0
a9e82a12-7f47-42b1-80d5-cfe1da27643f.jpg,0
fab2d0d9-2b8a-4820-b423-dded9cb1e585.jpg,1
53a5b75b-0d10-487a-9bb4-00fcfe8af520.jpg,1
d438695b-75ce-4a1d-bd15-893b26c48855.jpg,0
bfa663e8-5ddc-475a-8f92-7de91d079ea4.jpg,1
1215975e-105e-4f2e-8b38-7ecf80651d2b.jpg,1
970e061e-e33c-4ced-ac1a-5bf804df3dcc.jpg,1
393c414c-1fc6-46b3-8f2f-ad52cb83dc8a.jpg,0
8ae824a2-fa39-4e00-ab11-fe4c30000c57.jpg,0
5a01db1e-898e-475b-9fa3-52715429bd11.jpg,0
762f6bd3-91c5-49df-96be-389516c90c0b.jpg,1
0a0ba51f-2723-4374-bdb1-8fe5b1b3c551.jpg,1
626ec6e4-9be0-4676-b26e-865fdaac52e0.jpg,1
e816b3eb-d4ab-4bfd-90e9-462272719de5.jpg,1
0055a3f0-a990-46de-810f-8930262d4de7.jpg,0
0b10aa9b-4f25-4d45-9d6c-e4c2c483fe3a.jpg,1
679b839b-7b59-4067-a265-7c2eb952a0c3.jpg,0
77496fca-2a6d-4222-a69c-8e0fb34689f0.jpg,0
3f9f097b-2d03-4086-822b-3297d9c72d85.jpg,1
10137195-0d64-4883-bdaf-07582a05f573.jpg,1
bb271da1-65a0-4b22-9715-cfed98834fb9.jpg,1
9f5de19f-7e66-430f-8f8f-9d9ae14e7fa2.jpg,1
d09544f6-6df3-4b64-b794-7e9ce640ad91.jpg,1
ab166d31-ebb3-4ab6-9854-3ed5bf7643c3.jpg,1
8ed609d8-622d-4fec-a2a3-5b8e206255f9.jpg,0
d447d44d-c89a-42e1-8be7-b2380ba67859.jpg,1
0ee4a8c4-425d-467e-961e-d2410cd54d5c.jpg,0
8fa39346-18b7-443b-abbc-db8361e7c7ed.jpg,0
889c7ad4-6c87-4e21-8a71-5eae15712550.jpg,1
20c3a543-2f1b-4cc6-adea-90ef996b36a6.jpg,0
68fdc611-b5f2-400c-adb1-c59ed977cb04.jpg,1
8a6c12a7-10c4-4a75-a986-f6ddd014a680.jpg,1
05e62076-edc3-4901-bcf7-ff3f93f51012.jpg,1
ec64dee0-0c03-4408-b4c2-100f432c606a.jpg,0
602fc0df-8cf3-40d8-90af-880e67182800.jpg,0
bbb1f67a-3c56-46cb-9037-fc0c2ce74ca9.jpg,1
130e25f1-4b01-48c6-9f1e-0ecad76cf24c.jpg,1
ee5649e7-b833-4d8f-b115-167d67a37ecd.jpg,0
e1bd273e-fcd4-4269-9c2d-d30aea90a18a.jpg,0
7ae01055-708d-427c-810c-e2744e5db919.jpg,0
416f3d7f-1b14-48cb-8566-1946fea58e00.jpg,0
433db408-89ac-46cc-92a1-8d2ef4339269.jpg,0
97ee1a63-cd84-44ce-9ab5-5c90ed5ed2a3.jpg,0
baed0e5f-cbd7-4d96-a16f-4c6d7c8c0818.jpg,0
c440e0c6-a4a5-42ce-b6e4-36c11f122f33.jpg,1
7848c6e0-9142-4595-9a70-c312b70c2074.jpg,1
016675bc-ec05-4625-8c7a-ddeb0ae577a3.jpg,0
51454206-1f72-497e-b00d-c80a2cea5048.jpg,0
95ef3414-05e0-4ceb-ab86-cc44943189bf.jpg,0
62137cfc-5022-4618-b646-2b90472c1f61.jpg,0
2e172250-49a9-412c-8783-c72da9ee59cb.jpg,0
f3799e22-589e-4e48-908f-6527a3270d4e.jpg,0
17bdbe42-d31a-411e-890f-b618107d0528.jpg,0
dce58bd5-56e3-425c-a4d8-c5c079645144.jpg,0
3dc5ac69-e48b-44f2-9373-a9b4103d444c.jpg,0
a921b0a5-5955-41fe-ae00-eed36ecd0783.jpg,1
176d40a3-605b-489f-bb7e-11ec2697a7c9.jpg,1
9723d912-9a65-454f-ba20-fa8033d99a23.jpg,0
f4c6a4d0-42f0-4ffe-b2a9-8d8a03b2b402.jpg,0
045d49df-8b46-4245-a4a8-5b2b4a2c8a33.jpg,1
02c7678e-0a08-49b4-95c4-42041a2e29b3.jpg,1
b404cda0-7bfe-438b-892c-442f557c0002.jpg,1
64bbab9f-0887-40bc-abc2-f1f6271afe21.jpg,1
b97256a0-c7a8-4fb6-b406-e7b6fce513ee.jpg,1
11bcdafa-613d-4b6a-a48a-d9e24a2feaa9.jpg,1
1ba4c850-1ce4-450e-a1be-43f2d763b396.jpg,1
9aaf32fa-2e3f-415f-b753-d696581ee2df.jpg,0
28bd8828-6622-4623-a23e-ec19e3fc454f.jpg,1
1edb001d-3aa3-4c26-9f59-caa3f6aa1ba9.jpg,0
c0e88e1b-768d-4898-87d9-99e7e4dfb317.jpg,0
a5ffe3fa-d4f5-46a5-a377-1463ca983286.jpg,0
1aaa14ec-426b-4dea-a9c9-89c49913ea76.jpg,1
221ea8ab-2ccd-44cc-b96a-b7e5bc5edcd6.jpg,0
19942918-e784-4e1b-9f75-5da753519779.jpg,1
63e2a53b-2426-467c-bd44-ac0352f9de66.jpg,0
2e6ccd2e-8f03-4769-80c3-8d2b10805afe.jpg,0
37aaf7bf-c46e-4959-9c71-58ce887305f2.jpg,0
a8b244de-2b29-4712-8817-32beabcb4698.jpg,0
aa589201-c8ba-4802-a626-8fa2ec470066.jpg,0
c2ecbceb-7f5c-4fcf-a1a8-9f61dcbfc205.jpg,0
5dc2067d-2fe3-4fdc-b0f4-dc1fa08b31d8.jpg,0
5c1d3909-240c-43cc-8919-ca109e92bfa5.jpg,1
ad1d2600-fdfd-4a1e-9f83-d4f5f751aff4.jpg,0
7256bf75-c414-4052-ba2d-efb3975efd84.jpg,0
c1084623-f3f7-4c59-b807-cf0d0aa2b548.jpg,1
bd0c983b-f690-4e41-a707-59ff66f3e580.jpg,0
9e46a953-d2ba-4b12-9bc4-0a3ea30d39f2.jpg,1
a3d9783d-2a3f-41fc-b535-2d3c66283f99.jpg,1
db17dbea-9497-4ab5-a631-6a0e184f33be.jpg,0
b3d4adf3-8284-47e9-baa0-014edca5e3f6.jpg,1
a2d902af-878c-4529-8c5c-a8124c535cfb.jpg,0
7acb382c-20a5-4dcb-8162-9f1819cacfd6.jpg,1
31335430-3ee3-4a0b-989e-15838d2b3317.jpg,0
6b1c29db-ba27-49cb-9697-c05fc497faf2.jpg,0
cb85dd3b-5439-4ab0-b7fd-fe3e689b47e3.jpg,1
7e1cf50c-1723-4461-adb1-129f2683d65f.jpg,0
fc517851-ce5d-4566-9ea8-705873a309d2.jpg,1
1994b54d-e068-4af7-94c8-58e84fee9ed0.jpg,1
9ba0e002-1f7d-435f-9df8-a237efeea7f8.jpg,0
7042055f-f048-4c18-af36-492a2c8cd3c8.jpg,1
aba444eb-bd53-4610-96b1-fc4c053813e1.jpg,0
8d6ee1c5-c172-46ac-8d84-f351e333f72e.jpg,0
e44cf007-2b3e-4878-bcd7-560dfa229a6f.jpg,1
0d4b5a0a-7215-4012-a176-3d0a9b4e3ad5.jpg,0
93fa7b8f-f0fd-4d84-959c-fb8bfd99d6e1.jpg,0
e1b9d623-155c-45ae-8dff-307f43324a7a.jpg,0
22dce4f2-1ccf-4504-a18c-e8437f723c72.jpg,1
1b07bf89-9485-4258-b3c8-c9c631bdac9a.jpg,1
4d6b1789-f635-4621-8ed8-5ac805da4ff3.jpg,0
03d42aab-7d71-4502-985c-3d30f3418887.jpg,0
a8313815-ec12-458d-9315-639469c2c243.jpg,0
a425f9ce-6e47-4316-9ee0-03fa0f8e0f43.jpg,0
3b09892b-877d-47e3-aaba-26aa91367467.jpg,0
e4826107-bbd4-473f-8eb5-2df90fa065dd.jpg,0
cfc1bfe4-a80e-4fef-8640-cb8e180490f0.jpg,0
384190b0-2334-4f27-9ccb-0196fbe2b924.jpg,1
49070e77-6a33-4fd1-b12d-9070e460e203.jpg,1
0266b2d9-d6b3-4ff9-b8ae-3b1c876749ae.jpg,1
86410c5e-57de-4603-8c70-1112d35e6711.jpg,1
e61c46d6-f957-4977-ab66-ab9848c72861.jpg,0
164bf37f-f5d2-40f8-b001-a4965c559ace.jpg,1
38ad2f48-c6d8-4dbe-98d9-13bfd7a1539a.jpg,1
0cadc537-dbdb-4681-91d3-4c7df163ee86.jpg,0
d496b0ce-1ee0-4216-8c05-d3e6abd0ac90.jpg,0
af77e604-b2c4-4df7-b082-7af477139fe3.jpg,0
15c989d1-94c3-408d-ac7c-4b9b863b4095.jpg,0
c8f69127-cfbb-4b22-8954-e4b740c60a85.jpg,0
e9ff3ba5-26a1-4a56-a081-854068fe5f64.jpg,1
844aeee7-ed61-41e7-a342-f45a734273ef.jpg,1
c3629b25-5480-4640-be13-3c8c49b04eb9.jpg,1
3dde60dd-8daf-47a3-aedf-3e1fb1addb2d.jpg,0
85b730af-2330-4eb8-9bfc-cc38e4844909.jpg,0
ce7846c2-e884-4354-9963-cdbaed9fdf21.jpg,1
1cb3bb3b-78c3-4de7-afef-0716b4515bec.jpg,0
d4c7811a-03ad-4431-8484-c29017436e65.jpg,0
702be3fb-acbd-448f-bfa5-97f5fbcc02c5.jpg,0
5b03fafd-b45a-44c6-a13a-03f30319107b.jpg,0
c40ba999-3751-4a73-a6d3-2b169a3be343.jpg,0
5c3623fd-6220-4aa2-aeed-ca4421b90adf.jpg,0
3c3e3546-e381-4c00-9e0f-c8a9d00518ba.jpg,0
1b9b15b4-0295-443e-b843-05d234d4eb6f.jpg,1
bc9d506b-5889-47b5-b283-94ad7bc0db31.jpg,0
0b163ee6-0a91-4bdf-81a8-56d0b9f9a07c.jpg,1
f70d19c7-2de6-4e9e-b355-da73bc4b689e.jpg,1
54ef4206-3485-4054-9f07-022d5913c7bd.jpg,1
ff72d972-0105-478a-a944-5527988f6018.jpg,1
6870353f-4c14-4379-a288-8230e52f1dba.jpg,1
e6e1508b-8cea-4a3f-9a14-320ef6ce8b2b.jpg,1
580f48c6-08d2-4d58-9242-a1bdeaa8b419.jpg,0
e915dd9d-42d9-4bb3-acbc-de4bf25cf6f4.jpg,1
3c1ddeb3-e50a-4708-8ba1-7d9c8df41fff.jpg,0
041b3118-3d2f-450f-9694-f7b876901323.jpg,1
b3708637-8106-4526-845d-0521efd4af69.jpg,1
8001eb4d-e006-4470-bbc1-f967081bd452.jpg,1
c1fc0a7a-b4b8-40ae-9f53-6158bf383f12.jpg,1
156adb96-1693-441a-8bd3-46fa193706e4.jpg,0
3040285d-cfa9-4045-8f7e-00f1cec6585f.jpg,1
e219ae61-2ddc-41d7-9ddd-3496290a88bd.jpg,1
c82e88ba-ea42-40be-b409-ce3b7ce87f32.jpg,0
3b56607c-a4d6-43a6-bc45-41bb4cb516bb.jpg,1
62165fb7-c0c5-400d-97b4-0dfe044c2166.jpg,1
4dc27deb-d61d-4476-ae07-21e5245de7ec.jpg,1
5ff2c9db-0096-4db1-a9c1-ab24bb9f0320.jpg,0
0a54bff1-08b8-4037-99ee-94b8fe1c7f09.jpg,1
42348ba1-ff89-4255-8a0d-bc1ad322d5f6.jpg,1
c0b766c5-4b24-4284-bc6a-0b4b96071af0.jpg,1
730983c4-c654-4541-b065-36bb3495a19e.jpg,0
598e9cb0-7f2e-42b5-85aa-add742cbee4e.jpg,0
9ba6e6c7-8257-45f2-a286-b93c092a9a39.jpg,1
aae417be-23fc-4ad9-94e5-4c5b2c169f1a.jpg,0
69a5bbca-6e4d-468d-af3b-25438c3d313d.jpg,0
3be7331a-0998-4afc-9c21-e4f948c1cf13.jpg,0
56773b15-0e91-45a1-9811-0f3605644547.jpg,1
0b849baa-2b96-45e4-ab5f-0ca7f8f08986.jpg,1
cdc1817a-529f-4048-acd2-b0a58f597cc7.jpg,1
a825df88-45df-4ee0-8ae4-0343afb6750e.jpg,1
58af60c9-041c-404f-9c9d-0fefcf0a34ea.jpg,1
9d85945e-bc92-4344-9540-b074eee6825c.jpg,1
55b8599b-75a5-41e3-8832-63a32e478dce.jpg,1
a030fe66-de3a-43ad-918b-fb52c3807d0a.jpg,0
92a3d15d-6b07-4d3d-a89e-06f5c3eb686e.jpg,0
d77ce27c-7508-4cb2-8b14-f505e3bf9928.jpg,0
6adb688b-ece5-4fdd-a419-8baea357a54c.jpg,1
85da0f8e-4ed6-43cc-bbe8-8de4d83c7ffc.jpg,1
ea62a8ca-e3f9-471b-8493-2ad03e26f804.jpg,0
e8ae0c7e-872b-42eb-aeb3-79d8e3e477ff.jpg,0
08945c24-cb27-43cf-9043-54fa324c5c30.jpg,0
8c14a07c-f3f7-4c75-b6e0-72363707b5c6.jpg,0
a6bd7fbe-ebe5-4db4-ae62-cffc80a8a4c2.jpg,0
a110c572-c00c-4a10-8972-13e9382189ee.jpg,1
281ea4a6-bf7c-4af5-952e-88c769e1af58.jpg,1
4e9d55c6-f0ea-4fad-915a-6b7bf340b754.jpg,0
dd48ea02-b265-4391-9c8c-d3789d760e62.jpg,0
5421a06b-7582-4f53-a8c1-b8ee28f3eae2.jpg,0
cb4901e9-5bd9-4488-ac55-127fd9b59e8c.jpg,0
0355c68e-decd-40a0-a3e9-862949bb7641.jpg,1
046fa437-7c43-410c-9d3d-df7e9b4d97b1.jpg,1
7e209788-1d49-4469-b48a-33990ab729d9.jpg,0
02af9267-89e3-48da-8d97-3ee4d2b4b4fb.jpg,0
7a41018c-be1d-4a55-9665-a5d3ac7c91b6.jpg,1
2843c0d5-441d-4ca9-a1be-d11f2ff86025.jpg,0
23b48a42-9dac-480f-9e18-e3f838c30975.jpg,1
e6b24d7a-c8b1-4552-b575-d2ada85fb678.jpg,1
7d195b3d-eacc-4503-a2ba-132bc8c0d1f0.jpg,0
1d27b87c-1a93-4a3a-a37f-75337a2eb999.jpg,1
7abd740d-b5fa-4142-942f-e5735eaea97b.jpg,0
eb1dc4ee-c5c2-43cb-a4ae-5f9650328d6b.jpg,0
1e490cc9-cbb2-4dd9-b1dc-ec4cd853d940.jpg,1
16a7023f-fd1a-4f7f-841c-126d80abd9a4.jpg,1
95512c76-cfad-4320-9cf6-0ffdfb588e7e.jpg,0
cd9adef9-b3da-4bbd-a179-27a1cb951b00.jpg,1
d74b0d23-b461-4d9c-a240-3e7a193fb0b0.jpg,0
cb976925-9470-43fe-a401-1f42dd75762c.jpg,0
dab4b157-14fc-4cbb-a568-b259fa1988a1.jpg,0
fe334d93-9ee0-4889-996e-22814a2f08b7.jpg,0
5a71c79f-5074-48fd-8290-0e189d3ac505.jpg,0
e33c08b1-1895-4cec-8af4-00b7931c77d8.jpg,1
de73e951-ed05-4571-b04b-59da82d07d35.jpg,0
ec986c6f-f182-45d1-920c-48bb27cfab9c.jpg,1
fd100879-3722-4017-91f5-368c9821ce4a.jpg,0
d99b38ac-bc39-4c6d-9418-910714078304.jpg,1
0e8a8707-3545-4cc7-9faa-26c229210b81.jpg,0
c384b855-8d79-4733-99f8-3f48aeaa6b9e.jpg,0
b49acc5f-f7d1-4c19-a8e7-7d33c7bd13d9.jpg,1
b66ee9b0-a44b-4ceb-b0d9-f4fc6abf79b3.jpg,1
956de6e3-bce9-429c-a120-85513f52f445.jpg,0
3d80171a-7768-4f6c-92ee-ebdf81d544ec.jpg,0
ab7cfa18-fd12-4c2e-b124-7bee56daeb3e.jpg,1
6a0dcf82-dc35-4f3f-a38a-68a8a5334467.jpg,0
09a21e8f-2c8a-42cf-8f85-247e76ea4434.jpg,1
4baca180-933f-45ec-b580-0b5ec7487176.jpg,0
4fc6f922-a825-49d2-97b6-f7a21de3814e.jpg,0
974f93c9-5184-42f0-93a9-9a8e76a6036f.jpg,0
62d903d5-1cf0-435a-b2a4-3b5a13edcb8d.jpg,1
30d30461-541b-417d-bb0e-9b37cc7b5d99.jpg,0
f09b3268-1cde-456a-9e48-1c2b748c3abf.jpg,1
d4519312-2840-4088-98bb-bc9242e99c03.jpg,1
a9412bca-a5b9-49a5-aef7-2a9152b136c4.jpg,1
d3eaac39-7244-48a8-974d-8cacd0dfcbeb.jpg,0
fb56744a-c009-4ecd-b469-bce9688faea7.jpg,0
5119d4cd-7453-477a-9b7f-16f6fd203bac.jpg,0
bb88d15a-8e92-4d51-8cd5-bc1b92f2e256.jpg,1
9f018657-8607-43d4-ab71-910ab7868f58.jpg,1
c026f58f-b492-4494-ba61-0384111dcb4e.jpg,1
e726931c-ba04-4539-ba17-d553f3fa105d.jpg,1
8d257de2-6a80-4481-8b7c-9948e424ae49.jpg,0
30d03756-de7f-464c-9988-9c7878f2f774.jpg,0
d12956b4-367c-4182-9084-a215718aebb4.jpg,1
7c0a1d56-30d8-4a55-b281-55d509f4b7ce.jpg,1
7d7dafc2-e6d3-45a1-9f81-4c324511ae04.jpg,0
191f7e49-017a-4370-b876-e93ad600bdf3.jpg,1
b1fe7b32-2e00-4379-88da-59487ffc9aea.jpg,0
362d6f06-2b8d-4bf5-aa8a-9f46367bfdd5.jpg,0
b47c6dbe-0057-41fb-ad25-7a8085eed9d0.jpg,1
712132ec-f2de-4347-bad4-4cdac0aea7db.jpg,1
32c52c54-bd6b-419f-b450-026a4fb48978.jpg,1
33092156-5752-41c9-80a6-cd5d0d9d3328.jpg,0
ba56bde4-b9ed-4d79-a4da-836460038bc6.jpg,0
e0ca3a8b-b693-45de-a66b-8cb0ab1c8d8c.jpg,0
2f19d619-6de3-4927-8859-44b8fbc2e66b.jpg,0
4b385bac-6d71-4ade-9460-939aa176d205.jpg,0
5e3354de-16ac-4d64-ab65-a309adb1ae8e.jpg,1
0bf1f434-6569-4248-87d5-50803c187c20.jpg,1
def28cf9-07c0-4f0f-95f2-5f531d437cde.jpg,1
b0ed107d-f6f7-4217-ae15-629a0f86b81f.jpg,1
ec068145-e7e1-4309-96fb-179346105de9.jpg,1
5aafcaf2-cbba-42f8-9cf1-5598a2747074.jpg,1
86a345b7-80e8-420e-bf6e-fa1994ffd1a4.jpg,1
5c86113c-19eb-4f4e-8c93-1f32d1a48b11.jpg,0
738d4a48-8cb1-4f30-83be-4d4c4b86f17d.jpg,0
48bc9936-5312-4edb-b0ac-be50d34d0bf9.jpg,0
80aaae1b-cc6f-4765-8a87-5caab7d25670.jpg,0
86bc9a7e-a306-4dc0-b1bd-34a2811d0127.jpg,1
0df51d13-fec1-48ec-a034-61f43ddbb2b2.jpg,1
822fc942-53ac-4b03-beeb-f618083af88e.jpg,0
e3dfd542-6f4c-4c7d-a550-f3a74f7c0455.jpg,0
e69b4a15-eb52-4cbd-80d2-db3b37fdb471.jpg,0
96039737-6385-429b-877b-2933fc7daaf8.jpg,1
35371240-392c-42a0-a7fb-d4896b896d50.jpg,1
bb2efc2e-96f9-4831-add1-03b728a28cbe.jpg,1
b46adfd3-267a-4884-850e-34d6e5ca88ce.jpg,0
bb06d9d0-abb6-4e17-a69b-d036e6250a88.jpg,1
84fd7d23-7cfc-4a17-80fa-c44a5458693f.jpg,0
a4cec966-55e1-44c0-b65d-a018337b2b01.jpg,0
68403b5e-9676-4d3f-8d6e-a4b912b0d467.jpg,1
2f7040e7-9028-4ecb-a3e1-10b3e4c53e29.jpg,1
58efd632-e65d-4146-8ef7-a716f51193d2.jpg,0
8028f786-de8f-488e-b741-a6572837f836.jpg,1
49e16037-dc40-46b9-9fbc-1a9e3c32017a.jpg,0
f7673760-afee-4cb9-bf21-a0df64594e8c.jpg,1
e1899e7c-232b-45d8-9514-c7a13375d3b8.jpg,0
662165ee-cbf5-46e2-a228-954d3d2ea8b6.jpg,0
17da1728-5dbc-4c88-bd47-373e7959979c.jpg,1
422aea03-182b-488b-bd4f-8e6fdac498ce.jpg,1
7cacb93c-2754-4a64-90ff-cb46748edc33.jpg,1
7b17f2f5-90a9-493b-a0a0-f616e2df511b.jpg,0
bb6a50bf-bb3c-4f88-aa17-dc659bd56d0e.jpg,0
bfa1055b-237f-4e1b-894a-1916d5ca2426.jpg,1
105f6d9a-0277-4f34-8118-c77aa0541839.jpg,1
93298a0a-df3d-4899-b03d-b6dbe4b6e6f2.jpg,1
5d6cd7b0-2333-44bf-84a1-1e167ae3161c.jpg,0
00b935cd-465b-4147-9dd3-63447414b79d.jpg,0
16bfdb3e-58b6-48a4-9f7f-15790fb4e4b7.jpg,1
6dc15565-9e24-45db-9e12-3f3cdd2d5d0e.jpg,1
3a9a3ded-7ba6-4643-961d-79ce7b210c5c.jpg,1
9f421a86-6187-405b-8002-2963db8ce08c.jpg,0
2ee1b8b1-cce9-4401-8da8-dc09e6bb1cea.jpg,0
fd7531ba-3465-44f5-a100-79cd94a1e8e2.jpg,0
748e8208-7b09-4150-8f11-531cc1398643.jpg,1
92055d5d-0f96-4676-8286-993e92a75fbf.jpg,1
3ad62e9b-9ddc-4d5d-9198-f965a39c988c.jpg,1
0cf62399-fa61-4ff9-ab10-a40aa1cdd414.jpg,0
3a2b6cc5-f276-4e1e-89db-de311cfd4f79.jpg,0
47e30b63-81ca-4720-9a7b-b0c6bca83851.jpg,1
d1897279-7274-42fd-bdb3-deaec6ed0873.jpg,0
8f50e343-c966-44f0-a8ec-f4995504ccd9.jpg,0
3ee44bc8-180f-415c-b8d0-d63e05b33869.jpg,0
df552863-fdd7-442e-8090-43313366ed32.jpg,1
34022ec4-cc75-45fb-9e74-90c68391821c.jpg,1
c69cc601-4d94-4a21-8b64-88e8dc3b6ee9.jpg,0
c027a2ea-c488-4697-855f-89b2aee6e276.jpg,1
2a5ff533-8a1f-42f2-81b0-76c9303dcf89.jpg,0
cfab49aa-ebed-4128-8014-4231561ac02a.jpg,1
4508e3d0-e091-43f3-8e95-654094dba66c.jpg,1
e7ec8042-51d9-42cd-9002-63a186d4042b.jpg,1
62fcf4fd-2dd1-4a99-9379-157593961f9f.jpg,1
e652b6ff-ddeb-4aee-891f-f83753368173.jpg,1
bbe18524-bb76-46ef-9850-12a0038ce3d4.jpg,0
c70fa99c-8ee5-4cc6-a201-44f89435b8b2.jpg,1
54823522-05ab-48de-8d72-5d1f536037e3.jpg,1
4d2de18c-b85f-4c2a-854d-1075786af992.jpg,0
c12d197c-8086-4dee-93dd-6b470a247b09.jpg,1
0b8256b0-86ba-44f9-8512-38554f2fcbdb.jpg,1
49da8245-78fc-4bd7-966a-55b617676938.jpg,1
a385cb0a-59eb-456f-b915-7b49a403a6db.jpg,1
befbfb62-697d-41d6-89ab-55ec1ec028dc.jpg,1
83be787c-5923-4c09-9346-cb2610cb76d9.jpg,0
504ce083-9143-45b3-a39e-2510741e2fc7.jpg,0
909147c7-9492-44ba-9a50-10436da047b4.jpg,1
95771816-da91-4f4e-8f9e-6068ec6abee9.jpg,0
6f24613e-df74-4ed1-9546-7f3095fb40a1.jpg,1
5f0d991f-dcf0-49a1-8097-6b9b5e9e22e7.jpg,1
9cf54180-f5d4-496a-ad0d-5e42d3b4d364.jpg,0
be1edba6-337c-4cb6-95c6-a5ef9632d403.jpg,0
7cc6cf6f-3e05-4cd7-9f88-66910bb5718a.jpg,1
f5a0a2d0-00a7-42cd-a47d-81fc9eed1aa7.jpg,0
7700510d-778b-4962-9d3f-ef2047896e9e.jpg,1
c6491f5f-91db-4f2e-a68f-590e93cce9c8.jpg,1
3ed8527f-8569-42b5-a479-d69fa349a47c.jpg,0
932eb06a-74c7-487a-91cd-f26b24f93e44.jpg,1
6352fe87-a951-4069-9388-1d9beeeaa581.jpg,0
c117dbcd-1cc0-4e1f-8e85-016317a90372.jpg,1
cfd33d6d-fbcf-4dd2-9ff4-304b840b84e7.jpg,0
a99c8b7c-57b4-404d-9d0e-7dc3010d1d40.jpg,1
26f1c1c5-abd4-4311-9910-8ae24fe8a437.jpg,1
1c9d9409-4787-4d19-9279-6e4e333ef399.jpg,0
a301393d-f717-467f-924f-2cb0e7da0bc0.jpg,0
6f3815c9-0f1a-48e3-a9a3-1d12e202b13b.jpg,0
fb738f7f-a775-43e5-907a-6288d5633e8c.jpg,1
2715ed9d-352f-470b-9c4e-30cbe9908945.jpg,0
b78c852f-daf2-4f60-aa63-b857e8420dbd.jpg,0
14483e40-420c-4ada-8b09-6649f47ac27f.jpg,1
66691c03-61cf-48dc-9663-440ce7128a13.jpg,1
c4a94ba3-9277-476d-8015-4115a8d17b32.jpg,0
971c385c-ae03-4340-93d1-84e810332d49.jpg,0
271d7dfe-6de7-40b6-b80a-692f4ba52d58.jpg,0
b07f38ce-1804-462b-ae5a-a1d8ac05d0bf.jpg,0
ae358900-384b-4af0-8703-6ce4aff7dbc5.jpg,1
b0b6888c-b737-4995-bcb1-9f010ac9c68d.jpg,1
55602088-eeab-491b-9e87-b3d042b14f76.jpg,1
1d60657b-8a66-4402-a07c-fa2f336a340e.jpg,1
a05c7ddd-0a4d-4af0-b34a-89b0c6297b94.jpg,0
632b04fc-7060-43f9-9992-a064e1763e2a.jpg,1
d727bda6-bdfc-4923-842d-acbdf99d910e.jpg,0
1665a226-f2e2-42f6-8926-80a3a6449275.jpg,0
3c1d8176-3733-4247-a286-6b79e8db2487.jpg,1
d5183ebb-5a9a-4adc-8622-c9367271b737.jpg,1
dbee07bb-7d19-4a65-b6aa-442e9cfa185b.jpg,0
3e82a2ec-0529-4cc0-83e1-0ef838dd589d.jpg,0
b9364a2c-ea6f-4ad1-aed4-f87436716029.jpg,1
e1ce0d59-5bb8-4ae8-baea-d82af5915610.jpg,1
39b88721-46ce-4c87-ad58-85444f6a9d7a.jpg,0
88182f7d-3352-4809-86f4-3ccf80d9aef0.jpg,0
74cd8563-ea13-472b-ae4f-89762244c4f0.jpg,0
b3c4a0db-7c9d-46e3-a4b4-0314962daece.jpg,0
c83867f3-4f6b-4a30-8044-821ba4198a39.jpg,1
fed03321-23c5-4a75-9a50-311b72b892e9.jpg,1
ec1b4305-0e25-45bc-af4e-1da2e031bd25.jpg,0
dff2fe06-c4ec-4266-b37a-0aef3591d804.jpg,1
14d3b34d-eff1-48ac-8dbb-d7a289e48d9f.jpg,1
5cb3a62f-a75a-47d9-8292-0bb770d6806f.jpg,0
6e7ab910-5dee-4dbe-8529-e5b3824adeda.jpg,0
9c1e3bf8-0436-423f-b865-d14e4dbc38ff.jpg,1
b0d1736d-1ac6-4efc-a919-2142a706e82b.jpg,1
b72eb048-6376-4eb8-8c85-65c877b31aab.jpg,1
26a4a876-522c-481d-b03b-5e03400f5366.jpg,1
70e32ea8-5587-4786-99e8-cbaa72f2802d.jpg,1
0779ad8a-3bd5-429f-81fe-0ab992a5a830.jpg,0
98454f07-2b2a-44fb-b39e-9f07b746f79d.jpg,0
418f44ec-d0a6-4b7e-8114-d0573f8771a3.jpg,1
53f85531-b0ab-4fe3-9205-045344297d28.jpg,1
ed056076-42a3-40f2-965e-ebca53dc7c7e.jpg,0
b023c694-e560-4b45-b11b-463911a00062.jpg,1
6e6cd05e-d7ad-4c5e-b75a-848c5566907e.jpg,1
fd4d9388-f23e-4bfe-8536-1ac9294be20a.jpg,1
c38e4977-1b9a-4b59-bf68-df217ce41b03.jpg,0
ddae037b-0ce7-409c-9c9d-e74e6f011c75.jpg,1
5c4fe0e4-5432-4cce-adfe-48c00b23a3c7.jpg,1
be22af16-b65c-4d73-8c25-fb5c2791c10c.jpg,1
92ed4109-2b19-4a23-bb60-e6fe4b0ef766.jpg,0
21149bd3-8b7a-4b02-bdb6-b95e36c48357.jpg,1
e80ed947-89e8-49b8-9335-f5fa17fdefbb.jpg,1
4796bd22-8614-4b2e-9233-69aebe269411.jpg,1
d3d4c601-5804-4921-9bb0-0496e90dd48c.jpg,1
3113dcf5-c560-4f47-ac4d-9c7ce55ecec9.jpg,1
128c9074-aaab-4d64-bbe7-342705d56685.jpg,1
eef1b036-10a5-4318-a7f3-3c93fe3c1068.jpg,0
e2fd7100-2c9b-40a4-8a6a-046f74bd709e.jpg,0
c5aba8e9-dbf6-4f95-b30b-9db5ec21e430.jpg,0
4b1c6f56-165d-4afd-9da8-538d4233e63d.jpg,0
987dd54b-d0d5-4331-bd27-56dd8ba607ef.jpg,0
8a2afa71-265b-43d2-a833-0236c6ba8710.jpg,1
46c55966-bbe7-45a3-ab6c-def834c9f4ac.jpg,1
a0f24862-72ab-474c-adf2-3e55c45ef933.jpg,0
a0951f25-0da2-425a-b832-24df65263e8a.jpg,1
fa7ebd67-5180-4d86-a64b-85086f861726.jpg,1
e2bfbaad-8b11-4295-a425-eb55c1cd51b3.jpg,1
125c5681-48c3-4efd-ae59-8e238903961d.jpg,1
8d091f16-2816-4bbb-90a3-94438027876a.jpg,1
bbf6d692-c0df-45e8-89dc-91cd9a3a2791.jpg,0
12d62ed8-6048-410a-9df7-fe9530110e55.jpg,0
9848b291-a8ce-4f92-aed3-c81528fc32ec.jpg,1
49b85ef3-04e7-428d-859f-38cf2982abb6.jpg,1
d4b6cb8f-a330-435e-a797-405283f63d63.jpg,0
4fc4b4fe-b56f-4c21-89c7-9a29f7e5f687.jpg,0
39e36406-024e-4654-a5ee-5696fbb1a0fb.jpg,0
74c97e05-e6ee-4fb9-a58a-e9650f20e090.jpg,0
c0ef4033-a245-408a-b400-e8f6bc71538b.jpg,1
5b40bbd6-ba59-4dfb-833e-696e0b6663a3.jpg,1
6ed399fb-aca9-463d-b676-bbe8e10cc77a.jpg,1
b9693c4f-b0ea-4462-9b20-6d9601d3b30f.jpg,1
8eb3176e-04a3-4609-9881-ca551aefae69.jpg,0
cad53486-72a8-4af8-b9e4-a5aa21978b90.jpg,0
5a4d7ba5-c4f1-4019-81c5-6bbde67b9321.jpg,0
afe3d367-d2c1-47ae-899f-8d2a48dda9c2.jpg,1
01209936-8a57-4f62-9b6f-dc6e33ac2b50.jpg,0
c668c001-483b-48eb-8124-ef21e089be59.jpg,0
8bb9e810-33d9-4410-bfc1-212ad47d8d08.jpg,0
4a4380c8-a6aa-45c9-8bca-e8fb5ff27b0a.jpg,0
037f0106-0d71-4c05-b088-fde67ee0cbf8.jpg,0
ee98d940-c7de-40cd-a4f0-f84b4a26c9c5.jpg,1
1e93f7c1-f59f-4b36-a606-f170e26d5da2.jpg,0
21ba9632-4943-4145-a3df-0b87122b5b0b.jpg,1
24ba4a54-956e-4249-9226-8d7b4e43c7e5.jpg,1
adc42ad1-073f-4b07-adf6-c5b74cd82742.jpg,0
78535d0c-7b65-4e85-a7d4-dfd157018ea1.jpg,0
cba942a6-5aef-4a85-beb1-2270c6c82612.jpg,0
3cd3dba6-a9c1-436c-892d-ae44ff6eeb4d.jpg,1
d1f1410a-3c21-4057-8f40-98e5aabf1eed.jpg,0
db88057e-e47f-4205-8be6-fd7a94d7c21e.jpg,1
3fc53f6a-30b7-4620-b85c-b22fa03b051a.jpg,0
cf5344e0-00a2-4b7d-83f8-835380327439.jpg,1
48f427a3-8e07-4cdb-a5a1-96cbd9439b5c.jpg,0
b3fd7b7a-fc08-43d0-b048-5010d2e29ca7.jpg,0
e9b491ba-6d12-40d7-97d7-8eb1f7fc2d8b.jpg,1
3decf557-99bc-4fe6-89d0-0e78f18fe7c5.jpg,0
b855b1db-49fd-4a63-9619-b17db7cc37dc.jpg,1
00a83ab9-d818-4e77-b60e-deb1656de8be.jpg,0
dcd58f43-c626-4015-b05d-acb313a3e1ec.jpg,1
6fffe711-83b1-4da7-b6ca-e3936d486530.jpg,1
69428323-83be-4b1e-a237-fb51701deebe.jpg,1
909f3758-f3dc-4dba-a652-e1b07b72fe41.jpg,0
c19df8de-12b7-430b-a858-813fcc0fd378.jpg,0
36f2c27b-22e9-44e9-a8b5-15627f7f3d8a.jpg,0
d82eb231-2440-4a74-b90d-3009a9e9589a.jpg,1
e68f8926-3c4a-4a27-b954-3fc72b5c5920.jpg,0
7cf18c82-8f8e-4f6a-8c60-6d3c6011a146.jpg,0
cfcd319d-2221-4ad3-9264-ef3b3e379493.jpg,0
efe6bc70-1882-48fe-94e7-847fa32883e3.jpg,1
0ec32d06-b6a2-453d-819e-de4984f8af99.jpg,1
fd5f77b5-b498-425c-9b9e-870a9249f6c1.jpg,0
3b6a2af1-f375-4164-afc7-1a3e43431b95.jpg,1
fd6b636d-8d62-4cfc-9efc-de2a0ebfb881.jpg,1
937fcc1f-ee3a-4429-8464-0baa6faac90b.jpg,0
ffd61194-fd2d-4cfd-89fc-3a36283234d0.jpg,0
c85bdb66-067c-4149-a556-8667b04c8f84.jpg,0
909835e5-f89d-4466-9acb-8a02f5137d9c.jpg,1
763fccae-93bb-4a60-8b12-e548e2b7dadc.jpg,1
9d99b6ee-332e-48a3-9ccd-b337ad8497d3.jpg,1
879acd46-e0ad-47fa-8821-f377ba702290.jpg,0
e6630c0e-6760-4b3e-8046-a26ad443aaf5.jpg,1
99bd0d61-1271-4f4b-8112-c6115cec32c8.jpg,1
4e38b673-cd0a-46c1-8ac8-6cbc778cb46f.jpg,1
926014a0-b0d3-4dd1-a0e8-4c5158143711.jpg,1
899bd9b1-aa43-4e88-8913-94fe72304be0.jpg,1
f327bc16-7afd-44b1-81bb-eef63fc5faae.jpg,1
26dab6d0-061b-4a57-97c2-ad89857c5ba5.jpg,0
9b948d17-bb15-4fb2-bd6f-e0c840586a7d.jpg,1
3af4d80d-9fe8-4e48-b96a-9db1d4fce4b1.jpg,1
813277a5-1059-4b75-83c0-8c15fc5f79db.jpg,1
8765a52f-06bc-455c-982e-57771130d3a8.jpg,1
26406223-05d8-4235-bac1-1ab40b60f030.jpg,1
2eb33ae8-5fa8-416c-b77c-d671864a2757.jpg,0
b7e71564-d37e-490b-8203-99af6874fa1d.jpg,1
81f89aa2-350d-4def-9e86-f45a3458ab33.jpg,0
11327651-e7d0-4874-bd3c-9a7d65814296.jpg,0
0bae6d5a-c297-4a9e-946c-c12a12e5e374.jpg,1
84b0bdd2-5460-4c83-a344-955c720c2b02.jpg,1
b58705a4-4a5f-49ee-8bce-aaf08b6a7ba7.jpg,0
3e2c35f8-b898-4de1-83a2-817d65b33d89.jpg,1
aa0df22d-8271-4c2a-8b60-14281abf1686.jpg,0
c5568cc7-9a57-43d8-b204-a68855c70752.jpg,1
b264da9f-81fb-4817-836f-8f54fa1c6479.jpg,0
182288a2-7389-4b78-a34a-da62bf32bb74.jpg,0
18bea416-02db-4812-b956-adfd0124c90d.jpg,1
82b3de89-7235-4867-a374-8b86d6e81ce5.jpg,1
52896abe-aafe-4cbc-86e6-022db755e9a3.jpg,1
037b6a97-0a7f-47f1-b8ab-cc5fc55c87df.jpg,1
2655bebc-871d-456b-b33e-ca4d1dabad85.jpg,0
daf2c814-9f24-440f-ac15-adbdf5cbd5f7.jpg,0
bdd12918-5be5-4721-a195-0ffc1b498991.jpg,0
2038efd3-52f3-4089-b379-72e405d0a87e.jpg,0
4bc18dad-33ea-4025-94ca-6758e49eb12f.jpg,0
ce32e183-1ed5-4277-a6ca-a957a94f2235.jpg,1
1c10c312-e6f4-4721-ba8b-b13ddeaf68aa.jpg,1
a53b4726-f014-4ff8-ab67-d456547d8b8d.jpg,0
3e9b7cf4-6f7e-4fb1-a7cd-d8891248f9d9.jpg,1
45296f89-677f-4700-8f2f-69d4f99a8ac9.jpg,1
bcd5826f-b2fe-47df-baf5-7ef70b35efdd.jpg,1
0017e50a-1fab-4a94-8045-524a22904e7e.jpg,1
367299d3-6a6e-475b-9060-daef09c841e0.jpg,0
d403571f-333f-49ff-84d8-a7953350f726.jpg,0
a93dba1e-54f5-4238-8fb0-6a2c61ee8dfe.jpg,0
be2037c4-bf86-4649-b270-645706160ff5.jpg,0
1691d16e-a8a1-4941-a536-8ec50d7ead15.jpg,0
f6fe4855-9f3e-44fe-83ed-b5e0158d0064.jpg,0
eeff17d5-e125-48c8-a66c-40d821873f7d.jpg,0
687b523d-a72c-4fc6-9734-2a93e00206f2.jpg,1
76058a76-8890-4d29-a881-e0355bb022d1.jpg,1
3f0a9487-6426-474e-a038-763046a1abb7.jpg,1
8e490421-b460-4607-8fd8-9ce1e88fa1ba.jpg,1
e1af8bc2-e836-4a33-a421-f82a900126c9.jpg,0
dba0fe69-b110-4844-9c5f-b29bcbe08cfe.jpg,1
3352f4a7-507e-4740-bcd4-3e030a01fa50.jpg,0
86fc4fe5-aca7-4a08-a94e-db8f3d180fc7.jpg,1
0c6b4c4e-df5b-42bf-92d4-e3a376ee931f.jpg,1
dcf632a3-c48f-41ef-9ddc-368d2a781bdb.jpg,1
da5b31b2-8192-432b-b269-f441a2e07d96.jpg,1
2cbba90e-9cdb-49e5-8e3c-5480b703fadc.jpg,1
b32bb2fc-9640-454f-9ca5-786809a5d52a.jpg,0
2df536ef-d337-4b90-8fa6-5f35e0df0a43.jpg,1
ff18b3da-f3a7-4ea9-961e-20b01c95328a.jpg,1
c3803f77-8131-43c2-b402-d437ad0427c8.jpg,1
08769024-de0f-447b-9309-89704b056b58.jpg,1
8e58e40d-ff91-42a8-93d9-0d3a6eddf6a7.jpg,1
bff4f341-16b1-44eb-b46a-a1ef3a1f68ac.jpg,1
f3989585-2532-4335-80d5-80b4192c3b79.jpg,0
46143797-742f-414f-9423-0e386befffa7.jpg,1
19ad0189-0607-4982-aa32-00123685f767.jpg,1
139539a9-6bd5-433d-b241-b8f7c9380a70.jpg,0
3b0949ee-0d3d-4ea1-820b-7b05624ec2bf.jpg,1
7a4e4a22-bab1-4c1c-985e-789089a0defb.jpg,0
57a2151e-e50b-476f-8689-341b4b91312d.jpg,1
69cd47c4-9ad4-4d0e-8c1d-c04323655635.jpg,1
4ca4aea5-2206-4f10-b132-0f91c1168875.jpg,0
cd914fd0-13d9-492e-b830-7fc4894eda95.jpg,1
a2633c0a-96d7-42ce-af70-f48dfec38b83.jpg,0
b63f807c-5643-4d85-b2be-ffc0bf53d759.jpg,0
a7e4713c-c580-43e2-9df3-02b8b479e294.jpg,1
4ea1b471-de3e-4c48-b24f-bd33f6048cce.jpg,0
ee40ab20-bdc4-4b22-a7bc-1903cfb06ddb.jpg,1
f3c76e4f-65bf-45cb-9b43-46be7e9a61e1.jpg,1
8bf4ecc1-5b5f-47a9-906b-404e942170dd.jpg,1
eef79578-28ce-4d3b-8241-ac6babd29906.jpg,0
7e409f91-ec8e-4690-ae34-0574428c5690.jpg,1
88c1aac4-0f25-4e14-8502-a359022fd2a8.jpg,0
d042816a-5050-4408-a8b8-ec5ac128e6cf.jpg,0
7e349523-afae-4872-a2e9-1f3c795ad385.jpg,1
3f52ddab-7313-4062-ad7c-05bd273c1cf6.jpg,0
59d2f959-7ddf-4b8b-88c7-c83447085512.jpg,0
9639b7bd-3256-417d-a711-18adb1295a68.jpg,0
d7b1e934-47fd-4e42-b2f8-6534db65e029.jpg,0
f986241e-aee7-4cb8-aede-985755726d7f.jpg,1
a6094cc7-2494-4c3c-9c1e-ba8aabc6c186.jpg,0
a673d646-74ad-4259-8496-67c30e15cda4.jpg,1
0d61afc2-fecb-4e7d-b79a-92514c25acbf.jpg,0
b4a14728-f639-413a-93cc-ec5b58d19952.jpg,1
37945a18-727c-48bb-8762-373ce702df05.jpg,0
f1d96424-165d-432e-ba33-fbf637e4ee1d.jpg,1
ffa26086-0787-4740-af6c-37cc05d5b811.jpg,0
7c534b4a-292c-4d8c-b983-49e59eca64a4.jpg,0
1735abe6-e193-4acf-8602-3657f9a2c80f.jpg,1
95019466-4406-4569-a81b-3c41980043f2.jpg,0
25026209-f74b-4e65-8bc1-8ac0108cdba1.jpg,0
05602886-0048-4ca3-ad93-885fec1d6a49.jpg,0
e7bd81a5-2e34-4033-8564-f08c5517079e.jpg,0
183f173d-f367-4b78-86f0-65ca640e46c0.jpg,0
5127f504-ee8a-4046-914a-412ac23651d3.jpg,1
f96182c1-8324-4c10-b686-0e4c34454aeb.jpg,0
9de603b2-4a6d-4044-a1b2-3412ed95b06e.jpg,1
858e6814-0237-41be-a083-2b0e2f78b3f8.jpg,0
afa580b7-de51-4965-9180-9bcd61f0f672.jpg,1
f04d67b9-1cfe-4e33-83bf-eddc53c46873.jpg,0
db69b251-18ff-44c2-9eda-bcb09ea6417c.jpg,0
6e8557ed-ccc3-458d-98bd-7e5225d20993.jpg,1
8f5c3e97-2c95-4217-89aa-96a311067a0e.jpg,1
a2419aed-e924-46b5-b40f-a0f981a92b9e.jpg,0
d3722a25-0a4a-4eb2-87ff-f631fa314036.jpg,0
3a9dfc50-ef72-48be-a17f-139779e486f6.jpg,1
352a6a05-2a24-4a5f-9bc9-a49a05a2d058.jpg,0
863bf26c-99ad-4158-863a-af9db895847b.jpg,0
6f02f8af-7fab-4f72-a2d1-e70ef225111c.jpg,0
4f683ce9-457d-4740-80d8-09c1322f93a0.jpg,0
24e1ff9f-1100-4621-bade-cd9fd77e8c80.jpg,1
a197b026-9153-4772-a380-b7fce534762c.jpg,1
36334b03-319c-4475-8a8e-39c4251c3183.jpg,1
e51d3ca2-f268-49f1-95b9-4e2699e2fdd9.jpg,1
a4caac09-55fe-47c5-9b2c-c3242450c47d.jpg,0
2f5c2b45-2541-424a-bb6c-e79de269c1dc.jpg,1
9e41a1b5-7351-4e25-a424-3bee654a951d.jpg,0
d1237171-d5ee-4b2a-9d07-10c2f96f0b94.jpg,0
239547da-efa0-4341-a294-59562fc7271b.jpg,0
02a93b60-4035-4d89-b43b-352bd18ced7d.jpg,0
e0af1117-6236-47da-a345-cc1a560808d4.jpg,1
8d76570f-2aa2-4260-bf02-e2306929ceef.jpg,0
baccb488-1015-4e8e-b32b-161811d68181.jpg,1
719fc648-65ae-46a2-80d0-5801ac288d75.jpg,1
56958baa-b8c0-46f7-8080-34e96fe55716.jpg,0
f2fcf49b-dc59-4a83-81e8-be01ea4e12ba.jpg,0
0ead0d75-caf6-4658-990f-44b2c0661a33.jpg,1
eb2700d1-3b06-4f8c-9ae3-7715b7352cb9.jpg,0
eaf60896-85a4-4aa8-93ea-23f91747cc7f.jpg,0
5354e84f-75f7-40ba-8672-e80ee5e75f13.jpg,1
09bd759c-c9be-4c01-b410-1e0729ddb172.jpg,0
aeae618f-7289-43d0-993f-32e43bc08370.jpg,0
7854f89e-3a41-4beb-87c0-f0b6f2a67373.jpg,0
986d18b2-8dd4-44bf-9481-7d771460a9dd.jpg,0
693373aa-f5dc-437e-9a79-306573a65994.jpg,1
0878f978-0b44-4bd8-821f-85a5ee4d1e9e.jpg,0
24f629a3-d037-4656-96ba-32b2c8eabafe.jpg,1
8e2ee93f-fb43-4817-a94b-b9cc27054784.jpg,1
fc8130e1-e5a3-4fa6-83ef-5b38f424c6eb.jpg,1
6e1fc090-f46c-48dd-b250-f5e09f85e7cf.jpg,0
75f0fe5c-5965-4d23-b83b-e2b5dc1a1d66.jpg,0
611e3228-115e-43b4-9e76-1a707e6a5762.jpg,1
5c624f4b-36a7-4c89-81ce-32ddb56baa34.jpg,1
65672415-df94-4038-8938-4b1aca8773a3.jpg,0
57be99fd-b2d1-443d-83fa-e36ecd02cad6.jpg,0
787b7581-a7c5-4f5d-9978-1c33d39c10af.jpg,1
d9787c17-4c25-4572-8a11-204366a303dc.jpg,0
37b7370b-4695-4f9f-a1f2-bfb142e21c47.jpg,0
b279d446-243b-4bfa-814a-0261800f7b0e.jpg,1
3e8ccb04-e11f-4252-a588-9282793780a0.jpg,0
8ff0cb38-f146-4304-91b6-3c4720a724aa.jpg,0
a3e30ec7-84d5-4a99-b716-5e5eb7c5b852.jpg,1
f51a12f1-d529-4b6b-89c5-cc82ebb0a383.jpg,1
15ee80d6-02fd-4daa-b81b-054f362b045f.jpg,0
b5130ecc-89bb-4104-8dcf-41a91121450f.jpg,0
e70af633-bebf-4e6e-8a78-826024d1d50f.jpg,0
3056e3d1-7e42-45ee-be50-a1c200e7c57a.jpg,1
c89f8e63-d689-41c2-a44c-38525d3f7829.jpg,1
2d7f3094-d971-4255-ab25-2dd564c39ac2.jpg,1
8de88bc4-6c11-4bfd-bb1f-5aebc9334b01.jpg,1
a3c5d3f0-e070-432e-8a46-4ccc73345592.jpg,0
fb8f59cb-3408-45c1-b9be-07230247ad77.jpg,1
8ad5a025-c685-4dd7-9a3c-7b25ad0b229b.jpg,1
ecb64dcf-8569-4ffd-a286-c05b1ef34dc5.jpg,0
c7e30aa2-f564-4f94-8300-571c71f86e47.jpg,0
60a30a9a-bf15-499c-8da4-b6dd58d2bae1.jpg,0
962211bf-e774-42bb-8af9-5ffc22421ec6.jpg,1
7a1200f3-c0cc-41b9-a684-a55eac07023d.jpg,1
b8e0d8b9-eff7-4d6f-b9c7-da732b25c55d.jpg,1
70411128-50f4-460a-bd8c-7e3728724027.jpg,1
77283e00-676f-40f1-9c10-2225b5c96fde.jpg,0
3f19d90e-edc5-4446-a814-5ef36f692b13.jpg,1
a388f88f-07bc-4bad-86d1-b38e9aa7cbdf.jpg,1
3f37d4e4-99bc-44d5-b272-0996e626a28e.jpg,1
c6876ff4-879f-48db-a317-f1a7e0bf06be.jpg,1
d36858e0-a532-4d41-b8d5-f70159a00ead.jpg,0
1e175831-a22b-4860-a4d1-35d3c50262ee.jpg,1
bc339859-f399-4645-82b7-eb151e17b870.jpg,0
d4c1fbd0-2eff-4ede-a786-ca53e2681a43.jpg,1
9bb3ce6b-0960-4965-971c-f9ac616cb909.jpg,0
dad8b3e0-db94-4d49-af08-60d331f865d9.jpg,1
ed7892d4-7285-4608-85d0-c1bdc9666a05.jpg,1
c8a07b64-efab-4623-8d08-90450c3e5471.jpg,1
64931e4d-d79e-4cde-bffd-c576217dff51.jpg,0
158d7482-7032-4b3e-af31-72f3886c5286.jpg,0
aeda10ca-81d4-46fb-954c-e497214f6990.jpg,1
6908f279-e416-474b-a24d-c777c983daa4.jpg,0
0d7ef121-51f3-4ec0-a805-1cdb5ee1f740.jpg,0
95e54cbf-19a5-4c56-8765-de160a3d63b8.jpg,1
e843da7f-7c46-4c15-9683-fe37a4f5ca89.jpg,1
d5962d8f-1788-4ae3-9335-e67c3d37fcbf.jpg,1
a96c3fe0-9adc-4dd8-8cec-35a2749877e5.jpg,0
19209849-b417-4f55-ad3b-29e94171a8f7.jpg,0
4a9aac9e-c75e-4174-88d8-95520482718e.jpg,0
00906499-2895-47d4-901f-eb530cccce7d.jpg,0
fd9c1bc4-7841-495c-b964-abd0392d1ca2.jpg,0
b16c3073-4a39-4b2b-8ff2-22b4d2e43076.jpg,0
3dfd54ee-a0ca-47bf-812b-7d9d14d1373e.jpg,1
d18a5f96-e765-4dba-bae5-d16b0cc8f39b.jpg,1
3ce6367a-5e9c-4110-974a-e89b2d089652.jpg,0
48f765a7-d537-4641-9435-b24199ff7f41.jpg,0
a18e8668-3ca8-4f0e-aa0b-0b72116f57b0.jpg,1
73e28b9b-98d4-4847-b7e7-1c02bce0dd61.jpg,0
d42e8d19-b98f-45e8-bfe1-55e2c0bacc4a.jpg,0
119fee94-a181-461f-8b78-35c9e99627bc.jpg,0
7e53b470-196a-43f7-b341-82f425f067bd.jpg,1
f9b3c3b1-a9e9-4020-8b21-d1bbadc05252.jpg,0
e93bd429-b056-4d3b-be73-3c8dd7ee1b40.jpg,0
1a92e9e3-3225-40d5-a2ec-432df89b6136.jpg,1
0b38b10d-68ba-4c06-a7ed-af6036b93e80.jpg,0
f04a94a4-688f-403c-b28f-c0fbd1611b0f.jpg,0
34a8194e-26bf-4d1d-bba6-7f53234172cf.jpg,0
1e81c3c3-cd33-4b37-bb43-3d651b0607f5.jpg,1
2ab80b08-e60e-4e85-a5d9-2e870bb173fa.jpg,1
56bdcaf6-05b1-4c92-bff8-26314cd40f86.jpg,1
5cf4033f-51fd-4be4-b82a-4a9449c1d341.jpg,1
a7a6769f-77fa-4cd3-8944-726048fc516f.jpg,0
649bf30c-0852-481a-9140-b8e6af730764.jpg,0
095efe50-fdd2-42a6-8fbd-90cf58f6ae55.jpg,1
a0fceb3f-3ed8-4c21-b316-e93571f5b8f8.jpg,0
dae4147e-a8e5-4a1a-a4f5-aceb7eb92c1b.jpg,0
874326cc-8978-4195-8495-cee068848a95.jpg,0
8854125e-7a31-448c-a3c9-4d6ead41d2ff.jpg,1
3cfb89bd-5b99-4d52-988c-cf8326973e8d.jpg,0
6c6ffa8c-0fb7-4c15-99fd-0b1665d4bf20.jpg,0
8fe41686-689b-45ea-981f-62c7ef50cca7.jpg,0
2a0df943-563f-4952-8f2d-ec23235fd622.jpg,0
78d2bc81-6049-48ac-9e2d-0cb3307afeae.jpg,0
26c97a24-cf68-4eb4-a042-386abc84a784.jpg,0
8e1d09fc-3b30-4ea2-877b-faab03d13666.jpg,0
3e243cb8-63cc-4c78-b66b-d4f450c9b01f.jpg,1
9fe5b059-3bde-4a32-8d8a-b5da331c1bea.jpg,0
82845545-3989-40b4-bb0a-e0e6bb7e629b.jpg,0
9381266e-4ddd-4ddc-88b3-afd4dcc5a2da.jpg,1
0cc08a7e-17d1-4308-ad9e-6c117c4b4ae7.jpg,0
b6317a69-4f8b-4078-82e7-437c8f650b2c.jpg,1
96f22c74-13d3-45fe-9c69-eb39ef51315e.jpg,0
4adaa399-eb43-4f78-9d2b-72b50ab8111a.jpg,0
bc0140e3-b9d9-4cb7-ae8d-470a02808841.jpg,0
e43edee3-ae8e-42cd-9945-79b9836bf136.jpg,0
35010938-4c7e-4300-a267-576b77304006.jpg,1
ca9dcd4f-f6d1-4e45-b326-39241ec71f8d.jpg,1
fe45b588-ff7a-4189-8c85-9b8b48e44455.jpg,1
611f757d-6ae2-4172-bdb1-061020620be6.jpg,0
9ae5731c-1aeb-4d54-91cc-766e42458855.jpg,0
c44dc4f1-e435-48d4-ba4b-90f71729f8d2.jpg,1
0e295e58-233d-4a8f-80f7-9695945e5149.jpg,1
78e90710-b18a-49af-9a4b-830d0be9f36e.jpg,0
97a9e393-5e64-468a-a804-f2ba0dd1b587.jpg,1
59a4758d-a120-4f91-9c71-0538e179b28f.jpg,1
083d24ed-d561-4602-b9b0-0632589af277.jpg,1
c51ea164-c591-42c6-9e78-e09e3423f57e.jpg,0
6d1b692f-a538-40ec-9b8c-a8c7a39b1a20.jpg,1
39b4761c-0e8f-4ed5-9398-15802c65512d.jpg,1
2835598e-9157-4247-8923-71951b273942.jpg,0
a597199b-ef32-4547-bcc6-70d1e6c620b5.jpg,1
c93294a7-e20d-4c56-84fa-8ff1cd38763e.jpg,0
1f6bbb54-3e2e-4ef1-88a2-b6aa8e16bf5e.jpg,0
54d40f48-dddd-4e6a-98bd-5a134ffbbbd9.jpg,1
c3d332b1-ab7f-49f2-9f0e-9f6b36ee3681.jpg,1
75089094-e1ea-4c37-9117-2141206e0846.jpg,1
77b52e40-7ce3-4bf4-9425-18df32248407.jpg,1
050a4de1-cca2-4c9f-b492-f4f42bf40aa7.jpg,1
d3979b65-1526-4754-879a-faf305e96e8d.jpg,0
4e4ed390-f918-4a90-b50c-41d555535a03.jpg,0
a8b03b75-1813-429f-bb91-f0cd3da5f867.jpg,0
8de29ec1-ca6d-484d-864f-ffb92840dd9b.jpg,0
72214aca-e33e-4693-84e6-666e5b60f7a4.jpg,0
197fd737-d332-4076-9ee9-5fa0fd717bd3.jpg,1
da64a5e0-50c0-498e-987f-8d059cb5c4dc.jpg,1
678979d3-dd0b-4b82-a30c-18222412ff36.jpg,0
2e87bed3-3f8b-4fa5-a0f1-dcc13c00c979.jpg,0
258d6ae7-e8a5-4297-bfc2-269e16f2cff3.jpg,0
3b76ee03-aabb-4732-a4df-d895f5001777.jpg,0
7d076d93-1d6f-44bf-bc91-c3e91290303a.jpg,0
7328f893-79c4-446e-b9ee-4937c425f9f7.jpg,1
91adeb84-4e77-4a63-bb1b-1871bc8c5f48.jpg,0
12905bd8-17e0-4b09-abb7-315d14117a61.jpg,1
a1bf4ccf-ba53-432e-9b2f-a4b4ddad26c6.jpg,1
d1507e0b-4e2e-4950-9fef-151102c16347.jpg,0
98892c2d-2e31-4e3c-b446-b380c7f0d36c.jpg,0
f53b1f65-c6f8-4131-b836-8b6b25f7802a.jpg,1
b2adb850-fcca-42f1-90bf-80ea7312e03a.jpg,1
26f34866-6e61-41e0-a9e5-eb9f12d8eedf.jpg,1
3924b00f-e2f9-41a2-bb72-cc80c25c6b1c.jpg,0
27ea4e3d-75fa-4c78-9e89-901311c1ff6e.jpg,0
2a92746f-a4a1-4682-9e53-9e52a6638a66.jpg,1
71b0530a-4cef-4a8b-b861-291f099a06df.jpg,1
6d1a87c7-3b1a-4474-a211-df7ee76da716.jpg,1
669c5fae-f0d8-4fe7-af19-573d1387690d.jpg,1
bc172304-a410-4746-93d7-4029c0078342.jpg,1
7d71e2f3-8c02-4f51-8969-c594f3843cfd.jpg,0
074e369c-4ee7-412a-aac4-e256e99122da.jpg,1
5c731b2e-cfba-4842-bebf-62c793efcc4c.jpg,0
54a60821-368b-4109-ac1d-5810c8e1fd09.jpg,1
2e45089c-a17d-4069-bac7-24711906beb0.jpg,0
5a2c18f0-2350-46b6-955c-dc76b140d6e1.jpg,0
499d4678-f60c-42b1-b099-ccd4f9c0d486.jpg,0
2778280b-7759-4d85-a887-0647929d049e.jpg,0
4cb83073-8812-4012-b227-b34282ebbc0e.jpg,0
3d9aaa78-7806-457b-95be-17b3b19fa380.jpg,1
301285b9-e994-42b6-b198-0d2baca3f305.jpg,1
5c8b4b4b-6f9a-49eb-af4e-0cf82bb75df3.jpg,1
480bdf7c-13a9-4976-9243-87f69679a435.jpg,1
adff1568-93e3-4cfc-9a7d-31cb279d0fbd.jpg,1
59e0727f-e39b-49f2-96e1-5774c84d2817.jpg,1
e65f1bef-bae9-4ca0-bd21-a5f01d391dab.jpg,0
ee056951-f69b-42bc-b7fd-ba447a53316d.jpg,0
189ce4af-3d00-4e2c-b6db-1314e7886e49.jpg,1
ed32cb82-bf36-4415-a733-fe9067fb77d6.jpg,1
ca66d419-44fe-470c-b1ac-ae688399ee23.jpg,1
3b241ef5-0b76-497d-89d5-32551f6629a3.jpg,1
25bfdeb6-5701-47e1-a47f-502919312fd4.jpg,0
1c13bf52-e18b-4244-9388-41f0fe3b720a.jpg,0
179879fa-85a7-450b-a0df-197f0fdbcc5d.jpg,1
fbfddb9f-10f4-4b4f-8fd1-24c584d203c8.jpg,0
3531db2e-5238-4b6d-b24f-32e485af7fa0.jpg,0
a213cdbd-bfd9-4224-9a2f-73ef06396bcd.jpg,1
7871066a-ffa7-4d3b-ae46-401fbc21f4cb.jpg,1
e4b99495-f5b0-4666-b9d3-1a025d1b5597.jpg,1
f9264404-c0c8-43ef-86ec-1cb0fbb9303f.jpg,0
0042eeca-1f1b-4eff-a7f8-448381e0129b.jpg,0
be52a954-93d2-48c8-a913-70e4a07115e9.jpg,0
b7f165f5-7941-4705-bf3d-11b4d39c2891.jpg,0
a351c776-5406-48b4-990a-c56544b0294c.jpg,0
e7bd5775-5f5d-4805-8587-de17d1b64f39.jpg,0
be77afe2-46d1-4d20-8a22-53a3719306f8.jpg,1
932baf22-3d33-4dda-ae41-3023d5817a5d.jpg,1
7ad993cd-390b-47e8-ade7-373a6be50fa4.jpg,1
91d256f7-943a-4e0a-9aac-a8fd9e5c9fa7.jpg,0
c3f0bd4e-6ba2-4633-9567-0c85be4911c4.jpg,0
76cd567f-e066-4db1-adb2-3f2cffba8940.jpg,0
15e07c4b-7ff7-4f84-ab96-6ff3ab5d1df1.jpg,0
efa67dc0-62e0-4fe0-bfee-0f733f541f20.jpg,1
4313c762-aeee-4e7a-a0df-832b3ee9fcd8.jpg,0
f94059f4-1465-4e9d-9abd-c743f00dbe80.jpg,0
f9478b2c-a705-438f-96ec-2c14e39d77fc.jpg,1
237b8cee-f75a-436d-ad16-bf29f2bd49c9.jpg,1
47657dec-83da-4cdd-8059-567f69565784.jpg,0
f80f48fe-7236-453c-a8f2-7df2f01a4480.jpg,0
5bdf79e9-5df8-4e0d-b3ba-08582175a70b.jpg,0
7075be71-bbee-4c21-be45-97876053796e.jpg,1
9e6de9a8-4744-405f-9908-fdb526cd08d0.jpg,1
d3177570-8eca-44b6-9962-ffba28ffdb97.jpg,0
963be465-c44b-4726-8555-c3cbace4fae4.jpg,0
23beab38-56ea-4877-89c9-d48072793a5f.jpg,1
b3d2830c-4a87-4279-af69-0f98f318ed3e.jpg,0
13e1c5f5-4600-4620-b85a-4abc94d97310.jpg,1
3e4ffd16-606c-4d91-80bc-87aaab711dca.jpg,0
ea4442a0-fee8-447b-b5b1-a1bd08c14a34.jpg,1
0b0c0bd6-a7c3-408f-81a4-efaacf583afc.jpg,0
80d6f1ca-79bc-400d-b17e-7d7e59b626cf.jpg,0
ba87d60b-b799-42be-9aec-1be825d00230.jpg,1
dc15e361-51f9-423c-90f3-3c41210cb09a.jpg,1
b50c7229-e0a6-4e5e-b129-bc7bda5607a5.jpg,1
e99dc7c4-4611-4a9f-80ae-e3c90ce1d774.jpg,1
9734883e-596d-4a89-af39-b47ea9d39e55.jpg,0
34c6942a-e9e1-418e-8ae0-3cb7c249a140.jpg,0
1816460a-4d26-4d89-b0f9-2fc09f4e208c.jpg,0
9e5a49e2-9637-4b06-9425-57e3cae0b4f5.jpg,1
393acff3-e6b3-45ef-87a7-f0f7bce706f5.jpg,0
3ae9fb25-5c8b-4498-9b6f-fbe3f4563072.jpg,0
6c03a238-d5fb-4311-ba61-6f0630a3224c.jpg,0
ec1acd44-c94b-4a10-b76f-044853a5abdf.jpg,0
c28e93ef-8d09-4948-a12d-48c8bdec0009.jpg,0
aacff605-fe77-495e-a6a0-353de2e3ca27.jpg,0
153b1bd4-dd1d-4e68-84f5-2cfa3e1ebf93.jpg,0
7c076e81-e00d-42df-a1da-14e7cebb6859.jpg,0
07ede5ab-db99-47a9-809c-bf1b675a1115.jpg,0
a8bc1909-1ade-41b9-b2a7-1e6a634d979b.jpg,1
79a6852b-ce27-4b39-b89c-8d616c0ba1a2.jpg,0
d1e6317e-9a4e-49ae-9356-bb7a86d51181.jpg,1
bd3a77f6-83b1-4605-b67b-9ddfc6b9f63a.jpg,1
5b9692f6-4d42-4c4e-8f3e-eea1e889f676.jpg,1
d9b6cf87-e74d-4bd7-a35c-2c25dc8dab04.jpg,0
cae21d06-c92f-4942-ac38-ede872faa412.jpg,0
e82d6468-38ba-43e2-90ad-af85762e952a.jpg,1
20bd65ef-5c58-4258-b3c7-4b94c890e885.jpg,1
af057edb-4b72-4720-828b-5ecc6d88d3b3.jpg,1
3f6b3ad0-ccb1-4b70-9781-97402c55acef.jpg,0
efac3eb7-1b67-4ecd-85bc-e0d3b26efb5f.jpg,1
bfd49bc6-ff29-4cc6-9d92-8fd8b7c441d8.jpg,1
1cf41cf4-f9b8-4721-80be-dbcccf907af9.jpg,1
e8cf1df3-36aa-48c9-a867-bc1bdc2394a9.jpg,0
81271afd-0883-449a-85fc-ed11f1f37d76.jpg,0
a4d91614-299e-4a06-9167-e1cbe8bb1553.jpg,0
dbb0c4d0-b7b4-46ac-a4a0-4cb4c1f490ec.jpg,1
a032eb7d-bdb5-42ed-94a3-a2add87e786b.jpg,0
e2a8c6bf-a0ac-4a8b-859b-ce62b0e6c2a3.jpg,0
6299d59d-82dd-44e0-a52d-b64c8406443e.jpg,0
57c0692c-b072-465e-b048-5e841358caf8.jpg,1
a72542f4-5e2f-4a32-bd0c-c1bff73062a8.jpg,1
005db3b2-86a7-4c10-94bc-7b901c7be557.jpg,1
6f1a75be-cb2a-49fb-9222-7b25adb24b0f.jpg,1
90e9be05-906f-4b53-9455-10c5e7ea518a.jpg,1
505c7cba-cc2b-4c6f-b6ba-4f6a62296342.jpg,1
c5720865-ebd7-47ba-9dd7-8e2911e62170.jpg,0
581fce2b-ba12-45a7-8b55-5c756b8f641a.jpg,0
2e92398e-9540-4801-83db-3d2bb6d8379d.jpg,1
53ec2ed0-80b4-4fe3-950b-4a6d6f271f80.jpg,0
f1379593-f99f-4cc9-aee4-caa5f8e91726.jpg,1
d8986c23-4283-4c70-9bc7-eac801d125e0.jpg,0
185b6e45-d8ef-4d52-9baf-98260f84314c.jpg,0
ddbedb93-9937-4cfc-94e6-f06d7a157627.jpg,0
594a06a8-ba8d-490c-b6fa-d10204031d2a.jpg,0
cf99e0e3-13e9-46e9-9c1e-0f6041acdcbc.jpg,1
192d8e6d-2606-4243-89db-21e145e8a36b.jpg,0
a013ecde-35f2-493f-ae3c-00d98c6413bc.jpg,1
acb53af9-9ee7-494b-8e24-0d0ac720d088.jpg,1
b0aab1cf-4620-4a7d-a026-7a70c032f376.jpg,0
14c5c576-ebf7-4041-b9a8-f3d4ac1c1ea7.jpg,1
89682b4f-efa2-4cd6-b811-d789b5809bef.jpg,1
664808e4-0f29-40e8-b21f-f9d8d8c9a6c7.jpg,1
ba3ba526-b66d-41e3-97c8-cb6d0c241470.jpg,0
8e4d0661-b318-46c6-bf6a-cc89085e70ee.jpg,1
1960af8c-f562-4ba8-861e-ca0e7377fd28.jpg,0
c593b9dc-c526-43ad-a2bd-0e6f8356c497.jpg,1
03617ad3-7a37-402b-914e-b0b4c2458c33.jpg,1
af8b4629-ddea-435b-8aeb-5d19ea8dd31c.jpg,0
ff3c5d52-87dc-4469-a49d-1d531eb70a7d.jpg,1
b09fbcb8-d1ad-4750-9e8c-d8a824d29f2d.jpg,1
4f600582-8ef0-4ca4-936a-e2f26f0abb27.jpg,0
95a5053c-bf0e-417d-aa4e-c03233ac67d2.jpg,1
c3ae781a-fa16-4afc-80db-6d2e885be45a.jpg,1
ac739884-b29c-4dc8-a908-3a0ea4d906c2.jpg,1
6eec9b8a-135d-499a-8db8-8857ce4cff9d.jpg,0
8bee5afb-32f7-48bb-a6f0-c901f79c9026.jpg,1
ecc3f608-b724-4b6c-ab88-edf5ae800db4.jpg,0
abab5bff-5fe4-44db-bddc-fffede9a9f70.jpg,0
b18dd3ba-d327-4d6e-95f6-f7e018c01d6c.jpg,0
41fe2a91-d82f-4e60-83a3-0a2a025c9f63.jpg,0
e79a0eb0-9aa2-4456-ba58-3d9aa708dd7e.jpg,0
7600b935-fe08-4220-b4c0-f9bdff8bc062.jpg,1
5d30039b-5ef7-40fe-a343-e429ca1ce956.jpg,0
bdcc47c2-95a3-4da0-91e7-9766fa33d08f.jpg,1
d4b78f2c-7172-444d-9af0-beb577cfacf4.jpg,0
de9b2dfc-ec4f-43bc-8852-8949fe17d28f.jpg,0
b4b0ae15-3c90-4ecd-82df-660bfc422266.jpg,0
44b42d1f-d762-4190-b6dd-a8768c57868e.jpg,1
5c1a7c9a-9129-498b-b8df-feb02dc3ed12.jpg,0
b0b9357d-ce28-4763-be21-25524c20c8b1.jpg,0
7159e07e-7857-415e-84df-d2ed6425f051.jpg,0
89043997-53c6-413c-a3a6-7922f3242b0d.jpg,1
7664744e-d575-4546-ae07-63e793873559.jpg,1
828f24b1-fb12-4ae1-bb1e-dfce3cfed0d9.jpg,0
4ba170a0-2801-4bee-b3bc-0f55107906d8.jpg,1
2f61b90c-60ad-49f6-8f41-2f3aa74a6ef4.jpg,0
b775e5ee-547f-4554-a5b4-615c727f30d8.jpg,0
4972f61e-104e-4ada-b380-057d912f1186.jpg,0
4b72cbfd-0825-4cee-8b15-4e666365f4f3.jpg,1
6e96b2a2-d150-4953-aad9-27c4bee6648e.jpg,1
6885901c-f57e-41be-98ff-e6a706a6c25c.jpg,1
c575c074-2033-4d4d-b472-c2a6f573b7be.jpg,1
65b3b957-fe69-41ce-ad57-49c17d90b55f.jpg,0
5b297c00-e08b-4d21-8a8f-b93835bbd0b7.jpg,0
d4819dac-503c-4b0b-9791-7123e63ad7a1.jpg,0
2a398fe3-8220-4e0b-aa6e-3ccc3ba9e329.jpg,0
1235885f-a5ce-41c3-a370-1b6525555ba0.jpg,0
00c756d0-c27d-4637-8860-9ec2a32a9113.jpg,0
8c8add95-16d1-4a49-8859-e1eef01298d5.jpg,0
203d9385-f94d-4eb7-afd7-ca0a9207ba3c.jpg,0
cc4efb6d-88bc-48a4-b9bd-4c4225d7463f.jpg,1
303f9ce1-771c-423d-b67f-923eba6d4e56.jpg,1
74e0e316-ea13-4d97-b84a-bf059d3509df.jpg,1
7d79df82-7bb9-48c7-8b04-0f9e1f27bc93.jpg,1
9cbd5494-f196-4bab-bdba-530bddf2e409.jpg,0
6424feb7-5dbd-40cc-955c-80cff5efd106.jpg,0
393b02de-5c5b-46d4-8288-f6a3d66d4da1.jpg,0
14155bc4-7fd2-4b43-bc1c-20f8e4db3764.jpg,1
b3a970ba-df2a-40a8-80af-bae3ad2c1316.jpg,1
7c2ca48c-7bf6-4907-a985-18543ce3e4e1.jpg,1
90c0220b-4d46-458b-a664-8401246df434.jpg,1
068e359d-6d1f-4b95-8bfa-6f43696912db.jpg,0
4551f814-0719-43a7-9b41-1c526752ef11.jpg,1
8e9f52d0-d112-41ae-a184-c420a480d648.jpg,1
00194d8c-d07c-4a77-8a73-36e7cdd2c831.jpg,1
220f3e41-c12d-4051-91bd-ba41a4c3b20c.jpg,0
2008f79b-a08e-4f7c-b29c-8ba162802f61.jpg,0
ee45db0f-8372-492c-bce1-232d9e25b4eb.jpg,1
8fcc7d0c-dec7-499a-8153-4800cfa3cbdc.jpg,0
f82bc0a6-69ea-40ee-98cf-21e0d97f59d4.jpg,0
2634168f-714e-42f2-b18b-2834c5347361.jpg,1
87d8a667-3e46-4f92-afd1-4b3ecf978421.jpg,0
da0c0e6f-ea58-4c28-b7fd-f881aa8fda3e.jpg,1
11e18933-1b88-4733-8b7d-be45341e2a6b.jpg,1
a7555134-d2b2-43eb-819b-99cd3763cacf.jpg,0
a6bb35d2-a44f-4c89-9ab2-561d5cabd71c.jpg,1
a8eeea64-48cb-42b0-a316-e5d6dc04b37f.jpg,0
124b5add-30dc-4284-9323-db7d69ac3519.jpg,0
73b72934-a6d8-4990-872f-9909e55f7a6b.jpg,0
ebdc3d80-1c39-4cc6-ad22-ff9dd2bd6d8d.jpg,0
e04da00b-4c1f-4e0f-ae07-ccf4cbe3b607.jpg,1
9f2b803b-d35a-48b4-911b-e04b1a5cc618.jpg,0
0bc1046f-ace8-4ff7-9618-565e249788f0.jpg,1
cc120624-422c-4dce-969a-5be7e77773fb.jpg,0
d5619709-ff06-49ce-be91-82b9fb13e152.jpg,0
a37a2cba-d66a-40a5-af6b-aac3993a51bb.jpg,0
17b217e3-6fa8-482f-b20d-fc9c7846a8ae.jpg,1
d31393d9-74a1-4f37-9f9a-e50c5bafa2b0.jpg,0
4d7820ff-64d9-4ba1-b114-2fd25d8a0f77.jpg,1
825abed9-b419-4966-9e33-dbaa342d0bfd.jpg,0
4e87722e-6402-47a3-8c6b-056d03247ebe.jpg,1
f05dfcfe-185e-47d7-abbe-87534962895c.jpg,0
740c6af6-8426-4ee8-97f5-e4accb816b02.jpg,1
f9a9f8e7-0688-454a-98bc-1020bfa12ee0.jpg,0
0a187a43-0bf3-4195-8c01-b5655512ad5b.jpg,1
c001e5de-dd3b-46a9-8c16-f655f7701742.jpg,0
2cb62609-1232-4715-a2c5-b7e5fde2f0f8.jpg,1
419fa261-02b7-4f17-9f89-eb96f5c18f12.jpg,0
cf8e51b4-f96d-4b44-98e4-08f5fe05a618.jpg,0
df3fd920-5f9a-4282-83f1-63cd9ea78893.jpg,1
